meal_name,meal_type,asset_key,fallback_category,preferred_search_query,assignment_status,selected_source_page_url,selected_source_title,display_label_when_representative,review_notes
Scrambled Egg and Rice Plate,BREAKFAST,meal/scrambled-egg-and-rice-plate,poultry-and-egg,egg rice Filipino food,UNASSIGNED,,,Representative image,
"Pandesal, Egg and Tomato Breakfast",BREAKFAST,meal/pandesal-egg-and-tomato-breakfast,poultry-and-egg,pandesal Filipino bread,UNASSIGNED,,,Representative image,
Banana Peanut Butter Oatmeal,BREAKFAST,meal/banana-peanut-butter-oatmeal,breakfast,oatmeal bowl food,UNASSIGNED,,,Representative image,
Papaya Milk Oatmeal,BREAKFAST,meal/papaya-milk-oatmeal,breakfast,oatmeal bowl food,UNASSIGNED,,,Representative image,
Tuna Pandesal Sandwich,BREAKFAST,meal/tuna-pandesal-sandwich,seafood,pandesal Filipino bread,UNASSIGNED,,,Representative image,
Tofu Tomato Breakfast Rice Bowl,BREAKFAST,meal/tofu-tomato-breakfast-rice-bowl,plant-based,tofu rice bowl food,UNASSIGNED,,,Representative image,
Sardines and Rice Breakfast Plate,BREAKFAST,meal/sardines-and-rice-breakfast-plate,seafood,sardines rice Filipino food,UNASSIGNED,,,Representative image,
Sweet Potato and Egg Plate,BREAKFAST,meal/sweet-potato-and-egg-plate,poultry-and-egg,egg rice Filipino food,UNASSIGNED,,,Representative image,
Corn and Egg Breakfast Bowl,BREAKFAST,meal/corn-and-egg-breakfast-bowl,poultry-and-egg,egg rice Filipino food,UNASSIGNED,,,Representative image,
Peanut Butter Pandesal with Apple,BREAKFAST,meal/peanut-butter-pandesal-with-apple,breakfast,pandesal Filipino bread,UNASSIGNED,,,Representative image,
Sweet Potato Banana Breakfast Bowl,BREAKFAST,meal/sweet-potato-banana-breakfast-bowl,breakfast,sweet potato meal food,UNASSIGNED,,,Representative image,
Corn Papaya Breakfast Bowl,BREAKFAST,meal/corn-papaya-breakfast-bowl,breakfast,corn meal food,UNASSIGNED,,,Representative image,
Tofu Potato Tomato Breakfast,BREAKFAST,meal/tofu-potato-tomato-breakfast,plant-based,tofu rice bowl food,UNASSIGNED,,,Representative image,
Chicken Rice and Pechay Bowl,LUNCH,meal/chicken-rice-and-pechay-bowl,poultry-and-egg,chicken rice bowl food,UNASSIGNED,,,Representative image,
Beef Rice Bowl with Cabbage,LUNCH,meal/beef-rice-bowl-with-cabbage,red-meat,beef rice bowl food,UNASSIGNED,,,Representative image,
Pork Rice Bowl with Carrots,LUNCH,meal/pork-rice-bowl-with-carrots,red-meat,pork rice bowl food,UNASSIGNED,,,Representative image,
Grilled Milkfish Rice Plate,LUNCH,meal/grilled-milkfish-rice-plate,seafood,bangus Filipino food,UNASSIGNED,,,Representative image,
Tilapia Rice and Fresh Vegetable Plate,LUNCH,meal/tilapia-rice-and-fresh-vegetable-plate,seafood,tilapia Filipino food,UNASSIGNED,,,Representative image,
Tuna Cucumber Rice Bowl,LUNCH,meal/tuna-cucumber-rice-bowl,seafood,tuna rice bowl food,UNASSIGNED,,,Representative image,
"Munggo, Kangkong and Rice Bowl",LUNCH,meal/munggo-kangkong-and-rice-bowl,plant-based,ginisang munggo Filipino food,UNASSIGNED,,,Representative image,
Tofu Vegetable Rice Bowl,LUNCH,meal/tofu-vegetable-rice-bowl,plant-based,tofu rice bowl food,UNASSIGNED,,,Representative image,
"Sardines, Pechay and Rice Bowl",LUNCH,meal/sardines-pechay-and-rice-bowl,seafood,sardines rice Filipino food,UNASSIGNED,,,Representative image,
Chicken Potato and Carrot Bowl,LUNCH,meal/chicken-potato-and-carrot-bowl,poultry-and-egg,chicken rice bowl food,UNASSIGNED,,,Representative image,
Tofu Pechay Potato Bowl,LUNCH,meal/tofu-pechay-potato-bowl,plant-based,tofu rice bowl food,UNASSIGNED,,,Representative image,
Munggo Cabbage Vegetable Bowl,LUNCH,meal/munggo-cabbage-vegetable-bowl,plant-based,ginisang munggo Filipino food,UNASSIGNED,,,Representative image,
Corn Tofu Vegetable Bowl,LUNCH,meal/corn-tofu-vegetable-bowl,plant-based,tofu rice bowl food,UNASSIGNED,,,Representative image,
Tofu Sweet Potato Cucumber Plate,LUNCH,meal/tofu-sweet-potato-cucumber-plate,plant-based,tofu rice bowl food,UNASSIGNED,,,Representative image,
Egg Potato and Pechay Bowl,LUNCH,meal/egg-potato-and-pechay-bowl,poultry-and-egg,egg rice Filipino food,UNASSIGNED,,,Representative image,
Chicken Vegetable Rice Soup Bowl,DINNER,meal/chicken-vegetable-rice-soup-bowl,poultry-and-egg,chicken rice bowl food,UNASSIGNED,,,Representative image,
Beef Potato and Pechay Bowl,DINNER,meal/beef-potato-and-pechay-bowl,red-meat,beef rice bowl food,UNASSIGNED,,,Representative image,
Pork Squash Rice Bowl,DINNER,meal/pork-squash-rice-bowl,red-meat,pork rice bowl food,UNASSIGNED,,,Representative image,
Milkfish and Sweet Potato Plate,DINNER,meal/milkfish-and-sweet-potato-plate,seafood,bangus Filipino food,UNASSIGNED,,,Representative image,
Tilapia Corn and Vegetable Plate,DINNER,meal/tilapia-corn-and-vegetable-plate,seafood,tilapia Filipino food,UNASSIGNED,,,Representative image,
Tuna Potato Salad Bowl,DINNER,meal/tuna-potato-salad-bowl,seafood,tuna rice bowl food,UNASSIGNED,,,Representative image,
Munggo Squash Rice Bowl,DINNER,meal/munggo-squash-rice-bowl,plant-based,ginisang munggo Filipino food,UNASSIGNED,,,Representative image,
Tofu Cabbage Rice Bowl,DINNER,meal/tofu-cabbage-rice-bowl,plant-based,tofu rice bowl food,UNASSIGNED,,,Representative image,
Sardines Sweet Potato and Pechay Plate,DINNER,meal/sardines-sweet-potato-and-pechay-plate,seafood,sardines rice Filipino food,UNASSIGNED,,,Representative image,
Chicken Corn Tomato Rice Bowl,DINNER,meal/chicken-corn-tomato-rice-bowl,poultry-and-egg,chicken rice bowl food,UNASSIGNED,,,Representative image,
Tofu Sweet Potato Pechay Plate,DINNER,meal/tofu-sweet-potato-pechay-plate,plant-based,tofu rice bowl food,UNASSIGNED,,,Representative image,
Munggo Cabbage Tomato Soup Bowl,DINNER,meal/munggo-cabbage-tomato-soup-bowl,plant-based,ginisang munggo Filipino food,UNASSIGNED,,,Representative image,
Corn Tofu Tomato Dinner Bowl,DINNER,meal/corn-tofu-tomato-dinner-bowl,plant-based,tofu rice bowl food,UNASSIGNED,,,Representative image,
Egg Potato Cabbage Dinner Plate,DINNER,meal/egg-potato-cabbage-dinner-plate,poultry-and-egg,egg rice Filipino food,UNASSIGNED,,,Representative image,
Tofu Pechay Rice Soup Bowl,DINNER,meal/tofu-pechay-rice-soup-bowl,plant-based,tofu rice bowl food,UNASSIGNED,,,Representative image,
Tofu Papaya and Sweet Potato Breakfast,BREAKFAST,meal/tofu-papaya-and-sweet-potato-breakfast,plant-based,tofu rice bowl food,UNASSIGNED,,,Representative image,
Munggo Sweet Potato Breakfast Bowl,BREAKFAST,meal/munggo-sweet-potato-breakfast-bowl,plant-based,ginisang munggo Filipino food,UNASSIGNED,,,Representative image,
Tofu Squash Potato Lunch Plate,LUNCH,meal/tofu-squash-potato-lunch-plate,plant-based,tofu rice bowl food,UNASSIGNED,,,Representative image,
Munggo Pechay Sweet Potato Bowl,LUNCH,meal/munggo-pechay-sweet-potato-bowl,plant-based,ginisang munggo Filipino food,UNASSIGNED,,,Representative image,
Tofu Kangkong Potato Dinner Bowl,DINNER,meal/tofu-kangkong-potato-dinner-bowl,plant-based,tofu rice bowl food,UNASSIGNED,,,Representative image,
Munggo Squash Sweet Potato Dinner Bowl,DINNER,meal/munggo-squash-sweet-potato-dinner-bowl,plant-based,ginisang munggo Filipino food,UNASSIGNED,,,Representative image,
Tokwa Ampalaya Rice Bowl,LUNCH,meal/tokwa-ampalaya-rice-bowl,plant-based,tokwa Filipino tofu food,UNASSIGNED,,,Representative image,
Tokwa Sayote and Sitaw Dinner Plate,DINNER,meal/tokwa-sayote-and-sitaw-dinner-plate,plant-based,tokwa Filipino tofu food,UNASSIGNED,,,Representative image,
