pool_rank,proposed_meal_name,review_status,provider,source_title,source_page_url,original_url,thumbnail_url,creator,credit,license,license_url,attribution_required,width,height,description,catalogue_fit_notes
1,Adobo Filipino style,NEEDS_VISUAL_AND_CATALOGUE_REVIEW,WIKIMEDIA_COMMONS,File:Adobo Filipino style.jpg,https://commons.wikimedia.org/wiki/File:Adobo_Filipino_style.jpg,https://upload.wikimedia.org/wikipedia/commons/d/da/Adobo_Filipino_style.jpg?utm_source=commons.wikimedia.org&utm_campaign=imageinfo&utm_content=original,https://thumb.wikimedia.org/wikipedia/commons/thumb/d/da/Adobo_Filipino_style.jpg/960px-Adobo_Filipino_style.jpg?utm_source=commons.wikimedia.org&utm_campaign=imageinfo&utm_content=thumbnail,Chammy17,Own work,CC BY-SA 4.0,https://creativecommons.org/licenses/by-sa/4.0,true,5184,3456,Adobo Filipino style,
2,Adobong Manok with Laurel leaves,NEEDS_VISUAL_AND_CATALOGUE_REVIEW,WIKIMEDIA_COMMONS,File:Adobong Manok with Laurel leaves.jpg,https://commons.wikimedia.org/wiki/File:Adobong_Manok_with_Laurel_leaves.jpg,https://upload.wikimedia.org/wikipedia/commons/c/c4/Adobong_Manok_with_Laurel_leaves.jpg?utm_source=commons.wikimedia.org&utm_campaign=imageinfo&utm_content=original,https://thumb.wikimedia.org/wikipedia/commons/thumb/c/c4/Adobong_Manok_with_Laurel_leaves.jpg/960px-Adobong_Manok_with_Laurel_leaves.jpg?utm_source=commons.wikimedia.org&utm_campaign=imageinfo&utm_content=thumbnail,ShmilyDigital,Own work,CC BY-SA 4.0,https://creativecommons.org/licenses/by-sa/4.0,true,4000,6000,Adobong Manok with laurel leaves,
3,ADOBONG MANOK SA SARSA,NEEDS_VISUAL_AND_CATALOGUE_REVIEW,WIKIMEDIA_COMMONS,File:ADOBONG MANOK SA SARSA.jpg,https://commons.wikimedia.org/wiki/File:ADOBONG_MANOK_SA_SARSA.jpg,https://upload.wikimedia.org/wikipedia/commons/5/5a/ADOBONG_MANOK_SA_SARSA.jpg?utm_source=commons.wikimedia.org&utm_campaign=imageinfo&utm_content=original,https://thumb.wikimedia.org/wikipedia/commons/thumb/5/5a/ADOBONG_MANOK_SA_SARSA.jpg/960px-ADOBONG_MANOK_SA_SARSA.jpg?utm_source=commons.wikimedia.org&utm_campaign=imageinfo&utm_content=thumbnail,Squatic,Own work,CC BY-SA 4.0,https://creativecommons.org/licenses/by-sa/4.0,true,5168,3448,Adobong Manok sa Sarsa is a filipino native dish. Sarsa makes the taste different from normal adobong manok pinoy recipe. So yummy...,
4,Bacolod Inasal,NEEDS_VISUAL_AND_CATALOGUE_REVIEW,WIKIMEDIA_COMMONS,File:Bacolod Inasal.jpg,https://commons.wikimedia.org/wiki/File:Bacolod_Inasal.jpg,https://upload.wikimedia.org/wikipedia/commons/1/1a/Bacolod_Inasal.jpg?utm_source=commons.wikimedia.org&utm_campaign=imageinfo&utm_content=original,https://thumb.wikimedia.org/wikipedia/commons/thumb/1/1a/Bacolod_Inasal.jpg/960px-Bacolod_Inasal.jpg?utm_source=commons.wikimedia.org&utm_campaign=imageinfo&utm_content=thumbnail,EMMAN A. FORONDA,Own work,CC BY-SA 4.0,https://creativecommons.org/licenses/by-sa/4.0,true,1800,1370,"Bacolod Inasal is different from regular grilled chicken because of its unique marinade, which includes citrusy and savory flavors that infuse the chicken with a distinct taste.",
5,Beef bulalo meal,NEEDS_VISUAL_AND_CATALOGUE_REVIEW,WIKIMEDIA_COMMONS,File:Beef bulalo meal.jpg,https://commons.wikimedia.org/wiki/File:Beef_bulalo_meal.jpg,https://upload.wikimedia.org/wikipedia/commons/a/a5/Beef_bulalo_meal.jpg?utm_source=commons.wikimedia.org&utm_campaign=imageinfo&utm_content=original,https://thumb.wikimedia.org/wikipedia/commons/thumb/a/a5/Beef_bulalo_meal.jpg/960px-Beef_bulalo_meal.jpg?utm_source=commons.wikimedia.org&utm_campaign=imageinfo&utm_content=thumbnail,Chammy17,Own work,CC BY-SA 4.0,https://creativecommons.org/licenses/by-sa/4.0,true,4624,2608,Beef bulalo meal,
6,Beef Caldereta,NEEDS_VISUAL_AND_CATALOGUE_REVIEW,WIKIMEDIA_COMMONS,File:Beef Caldereta.jpg,https://commons.wikimedia.org/wiki/File:Beef_Caldereta.jpg,https://upload.wikimedia.org/wikipedia/commons/0/03/Beef_Caldereta.jpg?utm_source=commons.wikimedia.org&utm_campaign=imageinfo&utm_content=original,https://thumb.wikimedia.org/wikipedia/commons/thumb/0/03/Beef_Caldereta.jpg/960px-Beef_Caldereta.jpg?utm_source=commons.wikimedia.org&utm_campaign=imageinfo&utm_content=thumbnail,Louiesemendez,Own work,CC BY-SA 4.0,https://creativecommons.org/licenses/by-sa/4.0,true,3264,4896,Beef caldereta for new year's eve.,
7,Beef Kare-Kare 01,NEEDS_VISUAL_AND_CATALOGUE_REVIEW,WIKIMEDIA_COMMONS,File:Beef Kare-Kare 01.jpg,https://commons.wikimedia.org/wiki/File:Beef_Kare-Kare_01.jpg,https://upload.wikimedia.org/wikipedia/commons/8/8f/Beef_Kare-Kare_01.jpg?utm_source=commons.wikimedia.org&utm_campaign=imageinfo&utm_content=original,https://thumb.wikimedia.org/wikipedia/commons/thumb/8/8f/Beef_Kare-Kare_01.jpg/960px-Beef_Kare-Kare_01.jpg?utm_source=commons.wikimedia.org&utm_campaign=imageinfo&utm_content=thumbnail,ShmilyDigital,Own work,CC BY-SA 4.0,https://creativecommons.org/licenses/by-sa/4.0,true,6000,4000,Beef Kare-Kare,
8,Beef Pares,NEEDS_VISUAL_AND_CATALOGUE_REVIEW,WIKIMEDIA_COMMONS,File:Beef Pares.jpg,https://commons.wikimedia.org/wiki/File:Beef_Pares.jpg,https://upload.wikimedia.org/wikipedia/commons/9/9c/Beef_Pares.jpg?utm_source=commons.wikimedia.org&utm_campaign=imageinfo&utm_content=original,https://thumb.wikimedia.org/wikipedia/commons/thumb/9/9c/Beef_Pares.jpg/960px-Beef_Pares.jpg?utm_source=commons.wikimedia.org&utm_campaign=imageinfo&utm_content=thumbnail,JeffDelfin45,Own work,CC BY-SA 4.0,https://creativecommons.org/licenses/by-sa/4.0,true,1280,1280,Beef Pares are cubed beef briskets cooked with spices and tenderised to perfection.,
9,Beef salpicao,NEEDS_VISUAL_AND_CATALOGUE_REVIEW,WIKIMEDIA_COMMONS,File:Beef salpicao.jpg,https://commons.wikimedia.org/wiki/File:Beef_salpicao.jpg,https://upload.wikimedia.org/wikipedia/commons/5/5d/Beef_salpicao.jpg?utm_source=commons.wikimedia.org&utm_campaign=imageinfo&utm_content=original,https://thumb.wikimedia.org/wikipedia/commons/thumb/5/5d/Beef_salpicao.jpg/960px-Beef_salpicao.jpg?utm_source=commons.wikimedia.org&utm_campaign=imageinfo&utm_content=thumbnail,Chammy17,Own work,CC BY-SA 4.0,https://creativecommons.org/licenses/by-sa/4.0,true,3472,4624,Beef salpicao at Biggs diner naga city camarines sur,
10,Beef steak and sunny side up,NEEDS_VISUAL_AND_CATALOGUE_REVIEW,WIKIMEDIA_COMMONS,File:Beef steak and sunny side up.jpg,https://commons.wikimedia.org/wiki/File:Beef_steak_and_sunny_side_up.jpg,https://upload.wikimedia.org/wikipedia/commons/0/07/Beef_steak_and_sunny_side_up.jpg?utm_source=commons.wikimedia.org&utm_campaign=imageinfo&utm_content=original,https://thumb.wikimedia.org/wikipedia/commons/thumb/0/07/Beef_steak_and_sunny_side_up.jpg/960px-Beef_steak_and_sunny_side_up.jpg?utm_source=commons.wikimedia.org&utm_campaign=imageinfo&utm_content=thumbnail,Chammy17,Own work,CC BY-SA 4.0,https://creativecommons.org/licenses/by-sa/4.0,true,4624,3468,Beef steak and sunny side up Plating contest,
11,Beef Tapa with Egg,NEEDS_VISUAL_AND_CATALOGUE_REVIEW,WIKIMEDIA_COMMONS,File:Beef Tapa with Egg.jpg,https://commons.wikimedia.org/wiki/File:Beef_Tapa_with_Egg.jpg,https://upload.wikimedia.org/wikipedia/commons/7/7e/Beef_Tapa_with_Egg.jpg?utm_source=commons.wikimedia.org&utm_campaign=imageinfo&utm_content=original,https://thumb.wikimedia.org/wikipedia/commons/thumb/7/7e/Beef_Tapa_with_Egg.jpg/960px-Beef_Tapa_with_Egg.jpg?utm_source=commons.wikimedia.org&utm_campaign=imageinfo&utm_content=thumbnail,Maffeth.opiana,Own work,CC BY-SA 4.0,https://creativecommons.org/licenses/by-sa/4.0,true,3700,2807,Beef Tapa with Egg,
12,Bikol home made ginataang laing,NEEDS_VISUAL_AND_CATALOGUE_REVIEW,WIKIMEDIA_COMMONS,File:Bikol home made ginataang laing.jpg,https://commons.wikimedia.org/wiki/File:Bikol_home_made_ginataang_laing.jpg,https://upload.wikimedia.org/wikipedia/commons/a/ab/Bikol_home_made_ginataang_laing.jpg?utm_source=commons.wikimedia.org&utm_campaign=imageinfo&utm_content=original,https://thumb.wikimedia.org/wikipedia/commons/thumb/a/ab/Bikol_home_made_ginataang_laing.jpg/960px-Bikol_home_made_ginataang_laing.jpg?utm_source=commons.wikimedia.org&utm_campaign=imageinfo&utm_content=thumbnail,Chammy17,Own work,CC BY-SA 4.0,https://creativecommons.org/licenses/by-sa/4.0,true,2608,4624,Bikol home made ginataang laing,
13,Chicken Ala max,NEEDS_VISUAL_AND_CATALOGUE_REVIEW,WIKIMEDIA_COMMONS,File:Chicken Ala max.jpg,https://commons.wikimedia.org/wiki/File:Chicken_Ala_max.jpg,https://upload.wikimedia.org/wikipedia/commons/a/ac/Chicken_Ala_max.jpg?utm_source=commons.wikimedia.org&utm_campaign=imageinfo&utm_content=original,https://thumb.wikimedia.org/wikipedia/commons/thumb/a/ac/Chicken_Ala_max.jpg/960px-Chicken_Ala_max.jpg?utm_source=commons.wikimedia.org&utm_campaign=imageinfo&utm_content=thumbnail,Louiesemendez,Own work,CC BY-SA 4.0,https://creativecommons.org/licenses/by-sa/4.0,true,4896,3264,"Chicken ala max is a fried whole chicken with sweet potatoes, can be ordered at Foodies Hive on Facebook.",
14,Chicken Cordon Bleu with Creamy Cheese Sauce,NEEDS_VISUAL_AND_CATALOGUE_REVIEW,WIKIMEDIA_COMMONS,File:Chicken Cordon Bleu with Creamy Cheese Sauce.jpg,https://commons.wikimedia.org/wiki/File:Chicken_Cordon_Bleu_with_Creamy_Cheese_Sauce.jpg,https://upload.wikimedia.org/wikipedia/commons/e/ef/Chicken_Cordon_Bleu_with_Creamy_Cheese_Sauce.jpg?utm_source=commons.wikimedia.org&utm_campaign=imageinfo&utm_content=original,https://thumb.wikimedia.org/wikipedia/commons/thumb/e/ef/Chicken_Cordon_Bleu_with_Creamy_Cheese_Sauce.jpg/960px-Chicken_Cordon_Bleu_with_Creamy_Cheese_Sauce.jpg?utm_source=commons.wikimedia.org&utm_campaign=imageinfo&utm_content=thumbnail,ShmilyDigital,Own work,CC BY-SA 4.0,https://creativecommons.org/licenses/by-sa/4.0,true,6000,4000,Chicken cordon bleu serve with a bowl of creamy cheese cauce,
15,Chicken grilled meal,NEEDS_VISUAL_AND_CATALOGUE_REVIEW,WIKIMEDIA_COMMONS,File:Chicken grilled meal.jpg,https://commons.wikimedia.org/wiki/File:Chicken_grilled_meal.jpg,https://upload.wikimedia.org/wikipedia/commons/8/81/Chicken_grilled_meal.jpg?utm_source=commons.wikimedia.org&utm_campaign=imageinfo&utm_content=original,https://thumb.wikimedia.org/wikipedia/commons/thumb/8/81/Chicken_grilled_meal.jpg/960px-Chicken_grilled_meal.jpg?utm_source=commons.wikimedia.org&utm_campaign=imageinfo&utm_content=thumbnail,Chammy17,Own work,CC BY-SA 4.0,https://creativecommons.org/licenses/by-sa/4.0,true,3468,4624,Chicken grilled meal,
16,Chicken Hamonado,NEEDS_VISUAL_AND_CATALOGUE_REVIEW,WIKIMEDIA_COMMONS,File:Chicken Hamonado.jpg,https://commons.wikimedia.org/wiki/File:Chicken_Hamonado.jpg,https://upload.wikimedia.org/wikipedia/commons/4/44/Chicken_Hamonado.jpg?utm_source=commons.wikimedia.org&utm_campaign=imageinfo&utm_content=original,https://thumb.wikimedia.org/wikipedia/commons/thumb/4/44/Chicken_Hamonado.jpg/960px-Chicken_Hamonado.jpg?utm_source=commons.wikimedia.org&utm_campaign=imageinfo&utm_content=thumbnail,Louiesemendez,Own work,CC BY-SA 4.0,https://creativecommons.org/licenses/by-sa/4.0,true,4896,3264,Chicken Hamonado for lunch.,
17,Chicken Menudo,NEEDS_VISUAL_AND_CATALOGUE_REVIEW,WIKIMEDIA_COMMONS,File:Chicken Menudo.jpg,https://commons.wikimedia.org/wiki/File:Chicken_Menudo.jpg,https://upload.wikimedia.org/wikipedia/commons/d/d3/Chicken_Menudo.jpg?utm_source=commons.wikimedia.org&utm_campaign=imageinfo&utm_content=original,https://thumb.wikimedia.org/wikipedia/commons/thumb/d/d3/Chicken_Menudo.jpg/960px-Chicken_Menudo.jpg?utm_source=commons.wikimedia.org&utm_campaign=imageinfo&utm_content=thumbnail,Anneclicks,Own work,CC BY-SA 4.0,https://creativecommons.org/licenses/by-sa/4.0,true,3237,2448,"One of my party staples is chicken menudo. Not only is it perfect for everyday family dinners, but it's also economical to make for a large gathering.",
18,Chicken Ngohiong,NEEDS_VISUAL_AND_CATALOGUE_REVIEW,WIKIMEDIA_COMMONS,File:Chicken Ngohiong.jpg,https://commons.wikimedia.org/wiki/File:Chicken_Ngohiong.jpg,https://upload.wikimedia.org/wikipedia/commons/8/80/Chicken_Ngohiong.jpg?utm_source=commons.wikimedia.org&utm_campaign=imageinfo&utm_content=original,https://thumb.wikimedia.org/wikipedia/commons/thumb/8/80/Chicken_Ngohiong.jpg/960px-Chicken_Ngohiong.jpg?utm_source=commons.wikimedia.org&utm_campaign=imageinfo&utm_content=thumbnail,KDCwrites,Own work,CC BY-SA 4.0,https://creativecommons.org/licenses/by-sa/4.0,true,3024,4032,Chicken Ngohiong is like the Filipino’s famous lumpia that has shredded chicken and vegetables wrapped in lumpia wrapper and deep fried then served as an appetizer.,
19,Chicken Pastil,NEEDS_VISUAL_AND_CATALOGUE_REVIEW,WIKIMEDIA_COMMONS,File:Chicken Pastil.jpg,https://commons.wikimedia.org/wiki/File:Chicken_Pastil.jpg,https://upload.wikimedia.org/wikipedia/commons/c/cb/Chicken_Pastil.jpg?utm_source=commons.wikimedia.org&utm_campaign=imageinfo&utm_content=original,https://thumb.wikimedia.org/wikipedia/commons/thumb/c/cb/Chicken_Pastil.jpg/960px-Chicken_Pastil.jpg?utm_source=commons.wikimedia.org&utm_campaign=imageinfo&utm_content=thumbnail,ShmilyDigital,Own work,CC BY-SA 4.0,https://creativecommons.org/licenses/by-sa/4.0,true,8160,6144,"Chicken Pastil with boiled egg, slice tomato and cucumber topped with fried garlic and slice siling labuyo",
20,Chicken Pork Laing,NEEDS_VISUAL_AND_CATALOGUE_REVIEW,WIKIMEDIA_COMMONS,File:Chicken Pork Laing.jpg,https://commons.wikimedia.org/wiki/File:Chicken_Pork_Laing.jpg,https://upload.wikimedia.org/wikipedia/commons/0/04/Chicken_Pork_Laing.jpg?utm_source=commons.wikimedia.org&utm_campaign=imageinfo&utm_content=original,https://thumb.wikimedia.org/wikipedia/commons/thumb/0/04/Chicken_Pork_Laing.jpg/960px-Chicken_Pork_Laing.jpg?utm_source=commons.wikimedia.org&utm_campaign=imageinfo&utm_content=thumbnail,ShmilyDigital,Own work,CC BY-SA 4.0,https://creativecommons.org/licenses/by-sa/4.0,true,4000,6000,Chicken Pork Laing,
21,Chicken Tenderloin Tips,NEEDS_VISUAL_AND_CATALOGUE_REVIEW,WIKIMEDIA_COMMONS,File:Chicken Tenderloin Tips.jpg,https://commons.wikimedia.org/wiki/File:Chicken_Tenderloin_Tips.jpg,https://upload.wikimedia.org/wikipedia/commons/3/30/Chicken_Tenderloin_Tips.jpg?utm_source=commons.wikimedia.org&utm_campaign=imageinfo&utm_content=original,https://thumb.wikimedia.org/wikipedia/commons/thumb/3/30/Chicken_Tenderloin_Tips.jpg/960px-Chicken_Tenderloin_Tips.jpg?utm_source=commons.wikimedia.org&utm_campaign=imageinfo&utm_content=thumbnail,ShmilyDigital,Own work,CC BY-SA 4.0,https://creativecommons.org/licenses/by-sa/4.0,true,8160,6144,Chefs Kitchen Retro 3 Rinconada's Chicken Tenderloin Tips with rice and mixed veggies,
22,Chop suey,NEEDS_VISUAL_AND_CATALOGUE_REVIEW,WIKIMEDIA_COMMONS,File:Chop suey.jpg,https://commons.wikimedia.org/wiki/File:Chop_suey.jpg,https://upload.wikimedia.org/wikipedia/commons/6/6e/Chop_suey.jpg?utm_source=commons.wikimedia.org&utm_campaign=imageinfo&utm_content=original,https://thumb.wikimedia.org/wikipedia/commons/thumb/6/6e/Chop_suey.jpg/960px-Chop_suey.jpg?utm_source=commons.wikimedia.org&utm_campaign=imageinfo&utm_content=thumbnail,JeffDelfin45,Own work,CC BY-SA 4.0,https://creativecommons.org/licenses/by-sa/4.0,true,1280,844,Chop suey is a stir-fried vegetable dish that is cooked with meats such as chicken and pork.,
23,Crab Fuyong,NEEDS_VISUAL_AND_CATALOGUE_REVIEW,WIKIMEDIA_COMMONS,File:Crab Fuyong.jpg,https://commons.wikimedia.org/wiki/File:Crab_Fuyong.jpg,https://upload.wikimedia.org/wikipedia/commons/d/dc/Crab_Fuyong.jpg?utm_source=commons.wikimedia.org&utm_campaign=imageinfo&utm_content=original,https://thumb.wikimedia.org/wikipedia/commons/thumb/d/dc/Crab_Fuyong.jpg/960px-Crab_Fuyong.jpg?utm_source=commons.wikimedia.org&utm_campaign=imageinfo&utm_content=thumbnail,Louiesemendez,Own work,CC BY-SA 4.0,https://creativecommons.org/licenses/by-sa/4.0,true,3264,4896,Crab fuyong for new year's eve.,
24,Creamy Kare-Kare,NEEDS_VISUAL_AND_CATALOGUE_REVIEW,WIKIMEDIA_COMMONS,File:Creamy Kare-Kare.jpg,https://commons.wikimedia.org/wiki/File:Creamy_Kare-Kare.jpg,https://upload.wikimedia.org/wikipedia/commons/8/84/Creamy_Kare-Kare.jpg?utm_source=commons.wikimedia.org&utm_campaign=imageinfo&utm_content=original,https://thumb.wikimedia.org/wikipedia/commons/thumb/8/84/Creamy_Kare-Kare.jpg/960px-Creamy_Kare-Kare.jpg?utm_source=commons.wikimedia.org&utm_campaign=imageinfo&utm_content=thumbnail,JeffDelfin45,Own work,CC BY-SA 4.0,https://creativecommons.org/licenses/by-sa/4.0,true,1062,1280,Kare-Kare is a traditional Filipino dish consisting of oxtail and vegetables within a creamy peanut butter sauce.,
25,Creamy Mushroom Chicken,NEEDS_VISUAL_AND_CATALOGUE_REVIEW,WIKIMEDIA_COMMONS,File:Creamy Mushroom Chicken.jpg,https://commons.wikimedia.org/wiki/File:Creamy_Mushroom_Chicken.jpg,https://upload.wikimedia.org/wikipedia/commons/8/8d/Creamy_Mushroom_Chicken.jpg?utm_source=commons.wikimedia.org&utm_campaign=imageinfo&utm_content=original,https://thumb.wikimedia.org/wikipedia/commons/thumb/8/8d/Creamy_Mushroom_Chicken.jpg/960px-Creamy_Mushroom_Chicken.jpg?utm_source=commons.wikimedia.org&utm_campaign=imageinfo&utm_content=thumbnail,Louiesemendez,Own work,CC BY-SA 4.0,https://creativecommons.org/licenses/by-sa/4.0,true,4896,3264,Baked creamy mushroom chicken for new year's eve.,
26,Crispy Pancit Bato,NEEDS_VISUAL_AND_CATALOGUE_REVIEW,WIKIMEDIA_COMMONS,File:Crispy Pancit Bato.jpg,https://commons.wikimedia.org/wiki/File:Crispy_Pancit_Bato.jpg,https://upload.wikimedia.org/wikipedia/commons/b/b4/Crispy_Pancit_Bato.jpg?utm_source=commons.wikimedia.org&utm_campaign=imageinfo&utm_content=original,https://thumb.wikimedia.org/wikipedia/commons/thumb/b/b4/Crispy_Pancit_Bato.jpg/960px-Crispy_Pancit_Bato.jpg?utm_source=commons.wikimedia.org&utm_campaign=imageinfo&utm_content=thumbnail,Filipinayzd,Own work,CC BY-SA 4.0,https://creativecommons.org/licenses/by-sa/4.0,true,1376,1033,"Crispy Pancit Bato - the grand winner for the cooking competition during the Pagsasatubuanan: Exploring Rinconada Food Heritage hails from the College of Technological and Developmental Education, Camarines Sur Polytechnic Colleges at Nabua, Camarines Sur. Team members: Jan Harvey Bustarga Lorraine Gratil Coach: Dr. Mitch Lomeda-Junio",
27,"Ensaladang talbos ng kamote ,Tuyo at Pritong itlog",NEEDS_VISUAL_AND_CATALOGUE_REVIEW,WIKIMEDIA_COMMONS,"File:Ensaladang talbos ng kamote ,Tuyo at Pritong itlog.jpg","https://commons.wikimedia.org/wiki/File:Ensaladang_talbos_ng_kamote_,Tuyo_at_Pritong_itlog.jpg",https://upload.wikimedia.org/wikipedia/commons/3/3a/Ensaladang_talbos_ng_kamote_%2CTuyo_at_Pritong_itlog.jpg?utm_source=commons.wikimedia.org&utm_campaign=imageinfo&utm_content=original,https://thumb.wikimedia.org/wikipedia/commons/thumb/3/3a/Ensaladang_talbos_ng_kamote_%2CTuyo_at_Pritong_itlog.jpg/960px-Ensaladang_talbos_ng_kamote_%2CTuyo_at_Pritong_itlog.jpg?utm_source=commons.wikimedia.org&utm_campaign=imageinfo&utm_content=thumbnail,Anneclicks,Own work,CC BY-SA 4.0,https://creativecommons.org/licenses/by-sa/4.0,true,3154,2448,Ensaladang Talbos ng Kamote is a nutritious and delicious sweet potato leaves salad with a simple vinaigrette dressing. It's easy to prepare and makes a great side dish with fried fish or Fri d eggs.,
28,Ensaladang talong,NEEDS_VISUAL_AND_CATALOGUE_REVIEW,WIKIMEDIA_COMMONS,File:Ensaladang talong.jpg,https://commons.wikimedia.org/wiki/File:Ensaladang_talong.jpg,https://upload.wikimedia.org/wikipedia/commons/c/c4/Ensaladang_talong.jpg?utm_source=commons.wikimedia.org&utm_campaign=imageinfo&utm_content=original,https://thumb.wikimedia.org/wikipedia/commons/thumb/c/c4/Ensaladang_talong.jpg/960px-Ensaladang_talong.jpg?utm_source=commons.wikimedia.org&utm_campaign=imageinfo&utm_content=thumbnail,Louiesemendez,Own work,CC BY-SA 4.0,https://creativecommons.org/licenses/by-sa/4.0,true,4896,3264,Ensaladang talong na may kamatis at pulang itlog at inihaw na mais.,
29,Fish Fillet Fingers,NEEDS_VISUAL_AND_CATALOGUE_REVIEW,WIKIMEDIA_COMMONS,File:Fish Fillet Fingers.jpg,https://commons.wikimedia.org/wiki/File:Fish_Fillet_Fingers.jpg,https://upload.wikimedia.org/wikipedia/commons/7/7d/Fish_Fillet_Fingers.jpg?utm_source=commons.wikimedia.org&utm_campaign=imageinfo&utm_content=original,https://thumb.wikimedia.org/wikipedia/commons/thumb/7/7d/Fish_Fillet_Fingers.jpg/960px-Fish_Fillet_Fingers.jpg?utm_source=commons.wikimedia.org&utm_campaign=imageinfo&utm_content=thumbnail,ShmilyDigital,Own work,CC BY-SA 4.0,https://creativecommons.org/licenses/by-sa/4.0,true,6000,4000,Fish Fillet Fingers served with lettuce,
30,Fried Kikiam,NEEDS_VISUAL_AND_CATALOGUE_REVIEW,WIKIMEDIA_COMMONS,File:Fried Kikiam.jpg,https://commons.wikimedia.org/wiki/File:Fried_Kikiam.jpg,https://upload.wikimedia.org/wikipedia/commons/d/de/Fried_Kikiam.jpg?utm_source=commons.wikimedia.org&utm_campaign=imageinfo&utm_content=original,https://thumb.wikimedia.org/wikipedia/commons/thumb/d/de/Fried_Kikiam.jpg/960px-Fried_Kikiam.jpg?utm_source=commons.wikimedia.org&utm_campaign=imageinfo&utm_content=thumbnail,ShmilyDigital,Own work,CC BY-SA 4.0,https://creativecommons.org/licenses/by-sa/4.0,true,6144,8160,Fried kikiam on stick with sweet sauce,
31,Fried rice fusion with siomai,NEEDS_VISUAL_AND_CATALOGUE_REVIEW,WIKIMEDIA_COMMONS,File:Fried rice fusion with siomai.jpg,https://commons.wikimedia.org/wiki/File:Fried_rice_fusion_with_siomai.jpg,https://upload.wikimedia.org/wikipedia/commons/b/b4/Fried_rice_fusion_with_siomai.jpg?utm_source=commons.wikimedia.org&utm_campaign=imageinfo&utm_content=original,https://thumb.wikimedia.org/wikipedia/commons/thumb/b/b4/Fried_rice_fusion_with_siomai.jpg/960px-Fried_rice_fusion_with_siomai.jpg?utm_source=commons.wikimedia.org&utm_campaign=imageinfo&utm_content=thumbnail,Phenheart,Own work,CC BY-SA 4.0,https://creativecommons.org/licenses/by-sa/4.0,true,2448,3264,A Filipino cuisine with different species and vegetables its a pair for a comfortfood like siomai all time fastfood all in one meal.,
32,Ginataang Pinakbet with lambay(crab),NEEDS_VISUAL_AND_CATALOGUE_REVIEW,WIKIMEDIA_COMMONS,File:Ginataang Pinakbet with lambay(crab).jpg,https://commons.wikimedia.org/wiki/File:Ginataang_Pinakbet_with_lambay(crab).jpg,https://upload.wikimedia.org/wikipedia/commons/0/05/Ginataang_Pinakbet_with_lambay%28crab%29.jpg?utm_source=commons.wikimedia.org&utm_campaign=imageinfo&utm_content=original,https://thumb.wikimedia.org/wikipedia/commons/thumb/0/05/Ginataang_Pinakbet_with_lambay%28crab%29.jpg/960px-Ginataang_Pinakbet_with_lambay%28crab%29.jpg?utm_source=commons.wikimedia.org&utm_campaign=imageinfo&utm_content=thumbnail,Chammy17,Own work,CC BY-SA 4.0,https://creativecommons.org/licenses/by-sa/4.0,true,3456,5184,Pinakbet with lambay(crab),
33,Ginataang tulingan with kangkong,NEEDS_VISUAL_AND_CATALOGUE_REVIEW,WIKIMEDIA_COMMONS,File:Ginataang tulingan with kangkong.jpg,https://commons.wikimedia.org/wiki/File:Ginataang_tulingan_with_kangkong.jpg,https://upload.wikimedia.org/wikipedia/commons/3/36/Ginataang_tulingan_with_kangkong.jpg?utm_source=commons.wikimedia.org&utm_campaign=imageinfo&utm_content=original,https://thumb.wikimedia.org/wikipedia/commons/thumb/3/36/Ginataang_tulingan_with_kangkong.jpg/960px-Ginataang_tulingan_with_kangkong.jpg?utm_source=commons.wikimedia.org&utm_campaign=imageinfo&utm_content=thumbnail,Chammy17,Own work,CC BY-SA 4.0,https://creativecommons.org/licenses/by-sa/4.0,true,5184,3456,Ginataang tulingan with kangkong,
34,Graceland's Pinangat & Lumpiang Shanghai 01,NEEDS_VISUAL_AND_CATALOGUE_REVIEW,WIKIMEDIA_COMMONS,File:Graceland's Pinangat & Lumpiang Shanghai 01.jpg,https://commons.wikimedia.org/wiki/File:Graceland%27s_Pinangat_%26_Lumpiang_Shanghai_01.jpg,https://upload.wikimedia.org/wikipedia/commons/2/2f/Graceland%27s_Pinangat_%26_Lumpiang_Shanghai_01.jpg?utm_source=commons.wikimedia.org&utm_campaign=imageinfo&utm_content=original,https://thumb.wikimedia.org/wikipedia/commons/thumb/2/2f/Graceland%27s_Pinangat_%26_Lumpiang_Shanghai_01.jpg/960px-Graceland%27s_Pinangat_%26_Lumpiang_Shanghai_01.jpg?utm_source=commons.wikimedia.org&utm_campaign=imageinfo&utm_content=thumbnail,ShmilyDigital,Own work,CC BY-SA 4.0,https://creativecommons.org/licenses/by-sa/4.0,true,6000,4000,Graceland's Pinangat & Lumpiang Shanghai,
35,Grilled Bangus Fish,NEEDS_VISUAL_AND_CATALOGUE_REVIEW,WIKIMEDIA_COMMONS,File:Grilled Bangus Fish.jpg,https://commons.wikimedia.org/wiki/File:Grilled_Bangus_Fish.jpg,https://upload.wikimedia.org/wikipedia/commons/9/92/Grilled_Bangus_Fish.jpg?utm_source=commons.wikimedia.org&utm_campaign=imageinfo&utm_content=original,https://thumb.wikimedia.org/wikipedia/commons/thumb/9/92/Grilled_Bangus_Fish.jpg/960px-Grilled_Bangus_Fish.jpg?utm_source=commons.wikimedia.org&utm_campaign=imageinfo&utm_content=thumbnail,Louiesemendez,Own work,CC BY-SA 4.0,https://creativecommons.org/licenses/by-sa/4.0,true,4896,3264,Grilled bangus fish with tomato filling,
36,Grilled Chicken Inasal,NEEDS_VISUAL_AND_CATALOGUE_REVIEW,WIKIMEDIA_COMMONS,File:Grilled Chicken Inasal.jpg,https://commons.wikimedia.org/wiki/File:Grilled_Chicken_Inasal.jpg,https://upload.wikimedia.org/wikipedia/commons/d/d6/Grilled_Chicken_Inasal.jpg?utm_source=commons.wikimedia.org&utm_campaign=imageinfo&utm_content=original,https://thumb.wikimedia.org/wikipedia/commons/thumb/d/d6/Grilled_Chicken_Inasal.jpg/960px-Grilled_Chicken_Inasal.jpg?utm_source=commons.wikimedia.org&utm_campaign=imageinfo&utm_content=thumbnail,Louiesemendez,Own work,CC BY-SA 4.0,https://creativecommons.org/licenses/by-sa/4.0,true,4896,3264,Grilled chicken with inasal sauce for Christmas eve dinner.,
37,"Grilled fish, pork, and corn",NEEDS_VISUAL_AND_CATALOGUE_REVIEW,WIKIMEDIA_COMMONS,"File:Grilled fish, pork, and corn.jpg","https://commons.wikimedia.org/wiki/File:Grilled_fish,_pork,_and_corn.jpg",https://upload.wikimedia.org/wikipedia/commons/1/1c/Grilled_fish%2C_pork%2C_and_corn.jpg?utm_source=commons.wikimedia.org&utm_campaign=imageinfo&utm_content=original,https://thumb.wikimedia.org/wikipedia/commons/thumb/1/1c/Grilled_fish%2C_pork%2C_and_corn.jpg/960px-Grilled_fish%2C_pork%2C_and_corn.jpg?utm_source=commons.wikimedia.org&utm_campaign=imageinfo&utm_content=thumbnail,Louiesemendez,Own work,CC BY-SA 4.0,https://creativecommons.org/licenses/by-sa/4.0,true,4896,3264,Grilled dishes for thanksgiving celebration.,
38,Grilled Pork and Java Rice,NEEDS_VISUAL_AND_CATALOGUE_REVIEW,WIKIMEDIA_COMMONS,File:Grilled Pork and Java Rice.jpg,https://commons.wikimedia.org/wiki/File:Grilled_Pork_and_Java_Rice.jpg,https://upload.wikimedia.org/wikipedia/commons/0/06/Grilled_Pork_and_Java_Rice.jpg?utm_source=commons.wikimedia.org&utm_campaign=imageinfo&utm_content=original,https://thumb.wikimedia.org/wikipedia/commons/thumb/0/06/Grilled_Pork_and_Java_Rice.jpg/960px-Grilled_Pork_and_Java_Rice.jpg?utm_source=commons.wikimedia.org&utm_campaign=imageinfo&utm_content=thumbnail,Sheena Aloner,Own work,CC BY-SA 4.0,https://creativecommons.org/licenses/by-sa/4.0,true,4032,3024,Grilled Pork and Java Rice,
39,Grilled Pork Belly,NEEDS_VISUAL_AND_CATALOGUE_REVIEW,WIKIMEDIA_COMMONS,File:Grilled Pork Belly.jpg,https://commons.wikimedia.org/wiki/File:Grilled_Pork_Belly.jpg,https://upload.wikimedia.org/wikipedia/commons/b/b0/Grilled_Pork_Belly.jpg?utm_source=commons.wikimedia.org&utm_campaign=imageinfo&utm_content=original,https://thumb.wikimedia.org/wikipedia/commons/thumb/b/b0/Grilled_Pork_Belly.jpg/960px-Grilled_Pork_Belly.jpg?utm_source=commons.wikimedia.org&utm_campaign=imageinfo&utm_content=thumbnail,Louiesemendez,Own work,CC BY-SA 4.0,https://creativecommons.org/licenses/by-sa/4.0,true,3264,4896,Grilled pork belly with barbecue sauce,
40,Grilled Pork with Achara,NEEDS_VISUAL_AND_CATALOGUE_REVIEW,WIKIMEDIA_COMMONS,File:Grilled Pork with Achara.jpg,https://commons.wikimedia.org/wiki/File:Grilled_Pork_with_Achara.jpg,https://upload.wikimedia.org/wikipedia/commons/d/d4/Grilled_Pork_with_Achara.jpg?utm_source=commons.wikimedia.org&utm_campaign=imageinfo&utm_content=original,https://thumb.wikimedia.org/wikipedia/commons/thumb/d/d4/Grilled_Pork_with_Achara.jpg/960px-Grilled_Pork_with_Achara.jpg?utm_source=commons.wikimedia.org&utm_campaign=imageinfo&utm_content=thumbnail,Louiesemendez,Own work,CC BY-SA 4.0,https://creativecommons.org/licenses/by-sa/4.0,true,4896,3264,Grilled pork with achara for lunch.,
41,Home made chicken salad,NEEDS_VISUAL_AND_CATALOGUE_REVIEW,WIKIMEDIA_COMMONS,File:Home made chicken salad.jpg,https://commons.wikimedia.org/wiki/File:Home_made_chicken_salad.jpg,https://upload.wikimedia.org/wikipedia/commons/b/b5/Home_made_chicken_salad.jpg?utm_source=commons.wikimedia.org&utm_campaign=imageinfo&utm_content=original,https://thumb.wikimedia.org/wikipedia/commons/thumb/b/b5/Home_made_chicken_salad.jpg/960px-Home_made_chicken_salad.jpg?utm_source=commons.wikimedia.org&utm_campaign=imageinfo&utm_content=thumbnail,Chammy17,Own work,CC BY-SA 4.0,https://creativecommons.org/licenses/by-sa/4.0,true,3472,4624,Home made chicken salad,
42,Home made fried tokwa with ala king,NEEDS_VISUAL_AND_CATALOGUE_REVIEW,WIKIMEDIA_COMMONS,File:Home made fried tokwa with ala king.jpg,https://commons.wikimedia.org/wiki/File:Home_made_fried_tokwa_with_ala_king.jpg,https://upload.wikimedia.org/wikipedia/commons/9/91/Home_made_fried_tokwa_with_ala_king.jpg?utm_source=commons.wikimedia.org&utm_campaign=imageinfo&utm_content=original,https://thumb.wikimedia.org/wikipedia/commons/thumb/9/91/Home_made_fried_tokwa_with_ala_king.jpg/960px-Home_made_fried_tokwa_with_ala_king.jpg?utm_source=commons.wikimedia.org&utm_campaign=imageinfo&utm_content=thumbnail,Chammy17,Own work,CC BY-SA 4.0,https://creativecommons.org/licenses/by-sa/4.0,true,2252,1248,Home made fried tokwa with ala king,
43,Home made ginataang suso (snail),NEEDS_VISUAL_AND_CATALOGUE_REVIEW,WIKIMEDIA_COMMONS,File:Home made ginataang suso (snail).jpg,https://commons.wikimedia.org/wiki/File:Home_made_ginataang_suso_(snail).jpg,https://upload.wikimedia.org/wikipedia/commons/c/cb/Home_made_ginataang_suso_%28snail%29.jpg?utm_source=commons.wikimedia.org&utm_campaign=imageinfo&utm_content=original,https://thumb.wikimedia.org/wikipedia/commons/thumb/c/cb/Home_made_ginataang_suso_%28snail%29.jpg/960px-Home_made_ginataang_suso_%28snail%29.jpg?utm_source=commons.wikimedia.org&utm_campaign=imageinfo&utm_content=thumbnail,Chammy17,Own work,CC BY-SA 4.0,https://creativecommons.org/licenses/by-sa/4.0,true,2608,4624,Been craving for this ginataang suso,
44,Home made Palabok,NEEDS_VISUAL_AND_CATALOGUE_REVIEW,WIKIMEDIA_COMMONS,File:Home made Palabok.jpg,https://commons.wikimedia.org/wiki/File:Home_made_Palabok.jpg,https://upload.wikimedia.org/wikipedia/commons/f/f1/Home_made_Palabok.jpg?utm_source=commons.wikimedia.org&utm_campaign=imageinfo&utm_content=original,https://thumb.wikimedia.org/wikipedia/commons/thumb/f/f1/Home_made_Palabok.jpg/960px-Home_made_Palabok.jpg?utm_source=commons.wikimedia.org&utm_campaign=imageinfo&utm_content=thumbnail,Chammy17,Own work,CC BY-SA 4.0,https://creativecommons.org/licenses/by-sa/4.0,true,4032,3024,Home made Palabok,
45,Home made Pork steak,NEEDS_VISUAL_AND_CATALOGUE_REVIEW,WIKIMEDIA_COMMONS,File:Home made Pork steak.jpg,https://commons.wikimedia.org/wiki/File:Home_made_Pork_steak.jpg,https://upload.wikimedia.org/wikipedia/commons/1/1a/Home_made_Pork_steak.jpg?utm_source=commons.wikimedia.org&utm_campaign=imageinfo&utm_content=original,https://thumb.wikimedia.org/wikipedia/commons/thumb/1/1a/Home_made_Pork_steak.jpg/960px-Home_made_Pork_steak.jpg?utm_source=commons.wikimedia.org&utm_campaign=imageinfo&utm_content=thumbnail,Chammy17,Own work,CC BY-SA 4.0,https://creativecommons.org/licenses/by-sa/4.0,true,3072,4096,Home made Pork steak,
46,Home made Vegetable kare-kare,NEEDS_VISUAL_AND_CATALOGUE_REVIEW,WIKIMEDIA_COMMONS,File:Home made Vegetable kare-kare.jpg,https://commons.wikimedia.org/wiki/File:Home_made_Vegetable_kare-kare.jpg,https://upload.wikimedia.org/wikipedia/commons/5/58/Home_made_Vegetable_kare-kare.jpg?utm_source=commons.wikimedia.org&utm_campaign=imageinfo&utm_content=original,https://thumb.wikimedia.org/wikipedia/commons/thumb/5/58/Home_made_Vegetable_kare-kare.jpg/960px-Home_made_Vegetable_kare-kare.jpg?utm_source=commons.wikimedia.org&utm_campaign=imageinfo&utm_content=thumbnail,Chammy17,Own work,CC BY-SA 4.0,https://creativecommons.org/licenses/by-sa/4.0,true,1840,2612,Home made Vegetable kare-kare,
47,Igado (Pork and Liver Stew),NEEDS_VISUAL_AND_CATALOGUE_REVIEW,WIKIMEDIA_COMMONS,File:Igado (Pork and Liver Stew).jpg,https://commons.wikimedia.org/wiki/File:Igado_(Pork_and_Liver_Stew).jpg,https://upload.wikimedia.org/wikipedia/commons/7/7c/Igado_%28Pork_and_Liver_Stew%29.jpg?utm_source=commons.wikimedia.org&utm_campaign=imageinfo&utm_content=original,https://thumb.wikimedia.org/wikipedia/commons/thumb/7/7c/Igado_%28Pork_and_Liver_Stew%29.jpg/960px-Igado_%28Pork_and_Liver_Stew%29.jpg?utm_source=commons.wikimedia.org&utm_campaign=imageinfo&utm_content=thumbnail,ShmilyDigital,Own work,CC BY-SA 4.0,https://creativecommons.org/licenses/by-sa/4.0,true,6000,4000,Igado,
48,Ilonngo Linugaw,NEEDS_VISUAL_AND_CATALOGUE_REVIEW,WIKIMEDIA_COMMONS,File:Ilonngo Linugaw.jpg,https://commons.wikimedia.org/wiki/File:Ilonngo_Linugaw.jpg,https://upload.wikimedia.org/wikipedia/commons/a/ae/Ilonngo_Linugaw.jpg?utm_source=commons.wikimedia.org&utm_campaign=imageinfo&utm_content=original,https://thumb.wikimedia.org/wikipedia/commons/thumb/a/ae/Ilonngo_Linugaw.jpg/960px-Ilonngo_Linugaw.jpg?utm_source=commons.wikimedia.org&utm_campaign=imageinfo&utm_content=thumbnail,Rumuel,Own work,CC BY-SA 4.0,https://creativecommons.org/licenses/by-sa/4.0,true,5184,3456,"Also known as Binignit, one of Filipino Dessert",
49,Inihaw na liempo,NEEDS_VISUAL_AND_CATALOGUE_REVIEW,WIKIMEDIA_COMMONS,File:Inihaw na liempo.jpg,https://commons.wikimedia.org/wiki/File:Inihaw_na_liempo.jpg,https://upload.wikimedia.org/wikipedia/commons/7/70/Inihaw_na_liempo.jpg?utm_source=commons.wikimedia.org&utm_campaign=imageinfo&utm_content=original,https://thumb.wikimedia.org/wikipedia/commons/thumb/7/70/Inihaw_na_liempo.jpg/960px-Inihaw_na_liempo.jpg?utm_source=commons.wikimedia.org&utm_campaign=imageinfo&utm_content=thumbnail,Phenheart,Own work,CC BY-SA 4.0,https://creativecommons.org/licenses/by-sa/4.0,true,2955,2216,This cuisene are most love ihaw-ihaw like in kamayan salosalo in the province chop pork seasoned in spices and with the original sauce simply sili labuyo and onions chop with calamansi to highlight the taste.,
50,Inunonan na bisugo,NEEDS_VISUAL_AND_CATALOGUE_REVIEW,WIKIMEDIA_COMMONS,File:Inunonan na bisugo.jpg,https://commons.wikimedia.org/wiki/File:Inunonan_na_bisugo.jpg,https://upload.wikimedia.org/wikipedia/commons/5/51/Inunonan_na_bisugo.jpg?utm_source=commons.wikimedia.org&utm_campaign=imageinfo&utm_content=original,https://thumb.wikimedia.org/wikipedia/commons/thumb/5/51/Inunonan_na_bisugo.jpg/960px-Inunonan_na_bisugo.jpg?utm_source=commons.wikimedia.org&utm_campaign=imageinfo&utm_content=thumbnail,Chammy17,Own work,CC BY-SA 4.0,https://creativecommons.org/licenses/by-sa/4.0,true,5184,3456,Inunonan na bisugo,
51,Kare-kare in Minalabac,NEEDS_VISUAL_AND_CATALOGUE_REVIEW,WIKIMEDIA_COMMONS,File:Kare-kare in Minalabac.jpg,https://commons.wikimedia.org/wiki/File:Kare-kare_in_Minalabac.jpg,https://upload.wikimedia.org/wikipedia/commons/6/67/Kare-kare_in_Minalabac.jpg?utm_source=commons.wikimedia.org&utm_campaign=imageinfo&utm_content=original,https://thumb.wikimedia.org/wikipedia/commons/thumb/6/67/Kare-kare_in_Minalabac.jpg/960px-Kare-kare_in_Minalabac.jpg?utm_source=commons.wikimedia.org&utm_campaign=imageinfo&utm_content=thumbnail,Filipinayzd,Own work,CC BY-SA 4.0,https://creativecommons.org/licenses/by-sa/4.0,true,4032,3024,"Kare-kare in Minalabac, Camarines Sur",
52,Katuray Flower Salad,NEEDS_VISUAL_AND_CATALOGUE_REVIEW,WIKIMEDIA_COMMONS,File:Katuray Flower Salad.jpg,https://commons.wikimedia.org/wiki/File:Katuray_Flower_Salad.jpg,https://upload.wikimedia.org/wikipedia/commons/a/a6/Katuray_Flower_Salad.jpg?utm_source=commons.wikimedia.org&utm_campaign=imageinfo&utm_content=original,https://thumb.wikimedia.org/wikipedia/commons/thumb/a/a6/Katuray_Flower_Salad.jpg/960px-Katuray_Flower_Salad.jpg?utm_source=commons.wikimedia.org&utm_campaign=imageinfo&utm_content=thumbnail,EMMAN A. FORONDA,Own work,CC BY-SA 4.0,https://creativecommons.org/licenses/by-sa/4.0,true,5797,3870,"In Ilocos Region, the Katuray flower is often used in traditional Filipino dishes, especially as part of a refreshing and nutritious salad.",
53,KBL Ilocos Style,NEEDS_VISUAL_AND_CATALOGUE_REVIEW,WIKIMEDIA_COMMONS,File:KBL Ilocos Style.jpg,https://commons.wikimedia.org/wiki/File:KBL_Ilocos_Style.jpg,https://upload.wikimedia.org/wikipedia/commons/6/63/KBL_Ilocos_Style.jpg?utm_source=commons.wikimedia.org&utm_campaign=imageinfo&utm_content=original,https://thumb.wikimedia.org/wikipedia/commons/thumb/6/63/KBL_Ilocos_Style.jpg/960px-KBL_Ilocos_Style.jpg?utm_source=commons.wikimedia.org&utm_campaign=imageinfo&utm_content=thumbnail,ShmilyDigital,Own work,CC BY-SA 4.0,https://creativecommons.org/licenses/by-sa/4.0,true,4000,6000,"KBL in the Northern region of Ilocos stands for Kamatis, Bagoong at Lasona (Tomatoes, Fish Paste and Onions",
54,Kinalas Series by Kitchen Everywhere,NEEDS_VISUAL_AND_CATALOGUE_REVIEW,WIKIMEDIA_COMMONS,File:Kinalas Series by Kitchen Everywhere.jpg,https://commons.wikimedia.org/wiki/File:Kinalas_Series_by_Kitchen_Everywhere.jpg,https://upload.wikimedia.org/wikipedia/commons/3/36/Kinalas_Series_by_Kitchen_Everywhere.jpg?utm_source=commons.wikimedia.org&utm_campaign=imageinfo&utm_content=original,https://thumb.wikimedia.org/wikipedia/commons/thumb/3/36/Kinalas_Series_by_Kitchen_Everywhere.jpg/960px-Kinalas_Series_by_Kitchen_Everywhere.jpg?utm_source=commons.wikimedia.org&utm_campaign=imageinfo&utm_content=thumbnail,KDCwrites,Own work,CC BY-SA 4.0,https://creativecommons.org/licenses/by-sa/4.0,true,3024,4032,"Kinalas Series of Kitchen Everywhere includes Kinalas Overload, Baked Kinalas, Kinalas Wrap and Kinalas Pizza, which were all innovations of the traditional Kinalas dish that is popular in Naga City.",
55,Kwek kwek,NEEDS_VISUAL_AND_CATALOGUE_REVIEW,WIKIMEDIA_COMMONS,File:Kwek kwek.jpg,https://commons.wikimedia.org/wiki/File:Kwek_kwek.jpg,https://upload.wikimedia.org/wikipedia/commons/4/45/Kwek_kwek.jpg?utm_source=commons.wikimedia.org&utm_campaign=imageinfo&utm_content=original,https://thumb.wikimedia.org/wikipedia/commons/thumb/4/45/Kwek_kwek.jpg/960px-Kwek_kwek.jpg?utm_source=commons.wikimedia.org&utm_campaign=imageinfo&utm_content=thumbnail,ShmilyDigital,Own work,CC BY-SA 4.0,https://creativecommons.org/licenses/by-sa/4.0,true,6144,8160,Kwek kwek (or Bulastog) with cucumber and onion vinegar sauce,
56,Lechon Pork Belly,NEEDS_VISUAL_AND_CATALOGUE_REVIEW,WIKIMEDIA_COMMONS,File:Lechon Pork Belly.jpg,https://commons.wikimedia.org/wiki/File:Lechon_Pork_Belly.jpg,https://upload.wikimedia.org/wikipedia/commons/e/e2/Lechon_Pork_Belly.jpg?utm_source=commons.wikimedia.org&utm_campaign=imageinfo&utm_content=original,https://thumb.wikimedia.org/wikipedia/commons/thumb/e/e2/Lechon_Pork_Belly.jpg/960px-Lechon_Pork_Belly.jpg?utm_source=commons.wikimedia.org&utm_campaign=imageinfo&utm_content=thumbnail,Louiesemendez,Own work,CC BY-SA 4.0,https://creativecommons.org/licenses/by-sa/4.0,true,4896,3264,Lechon pork belly for new year's eve.,
57,Long silog,NEEDS_VISUAL_AND_CATALOGUE_REVIEW,WIKIMEDIA_COMMONS,File:Long silog.jpg,https://commons.wikimedia.org/wiki/File:Long_silog.jpg,https://upload.wikimedia.org/wikipedia/commons/1/17/Long_silog.jpg?utm_source=commons.wikimedia.org&utm_campaign=imageinfo&utm_content=original,https://thumb.wikimedia.org/wikipedia/commons/thumb/1/17/Long_silog.jpg/960px-Long_silog.jpg?utm_source=commons.wikimedia.org&utm_campaign=imageinfo&utm_content=thumbnail,Phenheart,Own work,CC BY-SA 4.0,https://creativecommons.org/licenses/by-sa/4.0,true,3264,1840,All time filipino brunch meal pork longanisa synnysude up egg and with fried talong and lanch camote tops take additional delights to the meal.,
58,Lumpia sliced in half,NEEDS_VISUAL_AND_CATALOGUE_REVIEW,WIKIMEDIA_COMMONS,File:Lumpia sliced in half.jpg,https://commons.wikimedia.org/wiki/File:Lumpia_sliced_in_half.jpg,https://upload.wikimedia.org/wikipedia/commons/5/51/Lumpia_sliced_in_half.jpg?utm_source=commons.wikimedia.org&utm_campaign=imageinfo&utm_content=original,https://thumb.wikimedia.org/wikipedia/commons/thumb/5/51/Lumpia_sliced_in_half.jpg/960px-Lumpia_sliced_in_half.jpg?utm_source=commons.wikimedia.org&utm_campaign=imageinfo&utm_content=thumbnail,ShmilyDigital,Own work,CC BY-SA 4.0,https://creativecommons.org/licenses/by-sa/4.0,true,6000,4000,Lumpia (or Filipino spring roll) sliced into two,
59,Lumpiaang Shanghai,NEEDS_VISUAL_AND_CATALOGUE_REVIEW,WIKIMEDIA_COMMONS,File:Lumpiaang Shanghai.jpg,https://commons.wikimedia.org/wiki/File:Lumpiaang_Shanghai.jpg,https://upload.wikimedia.org/wikipedia/commons/1/16/Lumpiaang_Shanghai.jpg?utm_source=commons.wikimedia.org&utm_campaign=imageinfo&utm_content=original,https://thumb.wikimedia.org/wikipedia/commons/thumb/1/16/Lumpiaang_Shanghai.jpg/960px-Lumpiaang_Shanghai.jpg?utm_source=commons.wikimedia.org&utm_campaign=imageinfo&utm_content=thumbnail,Anneclicks,Own work,CC BY-SA 4.0,https://creativecommons.org/licenses/by-sa/4.0,true,3101,2326,"These super crispy and crunchy egg rolls are packed with pork, carrots, celery, and onions and come with a sweet yet spicy dipping sauce that will have everyone sopping up every last morsel!",
60,LumpiangSariwa,NEEDS_VISUAL_AND_CATALOGUE_REVIEW,WIKIMEDIA_COMMONS,File:LumpiangSariwa.jpg,https://commons.wikimedia.org/wiki/File:LumpiangSariwa.jpg,https://upload.wikimedia.org/wikipedia/commons/6/61/LumpiangSariwa.jpg?utm_source=commons.wikimedia.org&utm_campaign=imageinfo&utm_content=original,https://thumb.wikimedia.org/wikipedia/commons/thumb/6/61/LumpiangSariwa.jpg/960px-LumpiangSariwa.jpg?utm_source=commons.wikimedia.org&utm_campaign=imageinfo&utm_content=thumbnail,Herbertkikoy,Own work,CC BY-SA 4.0,https://creativecommons.org/licenses/by-sa/4.0,true,6000,4000,"Fresh Lumpia, or Lumpiang Sariwa, is a Filipino dish consisting of a variety of vegetables like carrots, cabbage, and sometimes meat, wrapped in a thin, delicate crepe",
61,Lutong Bahay; Ginataang tulingan,NEEDS_VISUAL_AND_CATALOGUE_REVIEW,WIKIMEDIA_COMMONS,File:Lutong Bahay; Ginataang tulingan.jpg,https://commons.wikimedia.org/wiki/File:Lutong_Bahay;_Ginataang_tulingan.jpg,https://upload.wikimedia.org/wikipedia/commons/d/d4/Lutong_Bahay%3B_Ginataang_tulingan.jpg?utm_source=commons.wikimedia.org&utm_campaign=imageinfo&utm_content=original,https://thumb.wikimedia.org/wikipedia/commons/thumb/d/d4/Lutong_Bahay%3B_Ginataang_tulingan.jpg/960px-Lutong_Bahay%3B_Ginataang_tulingan.jpg?utm_source=commons.wikimedia.org&utm_campaign=imageinfo&utm_content=thumbnail,Chammy17,Own work,CC BY-SA 4.0,https://creativecommons.org/licenses/by-sa/4.0,true,2608,3698,Lutong Bahay; Ginataang tulingan,
62,Malunggay Pandesal,NEEDS_VISUAL_AND_CATALOGUE_REVIEW,WIKIMEDIA_COMMONS,File:Malunggay Pandesal.jpg,https://commons.wikimedia.org/wiki/File:Malunggay_Pandesal.jpg,https://upload.wikimedia.org/wikipedia/commons/7/73/Malunggay_Pandesal.jpg?utm_source=commons.wikimedia.org&utm_campaign=imageinfo&utm_content=original,https://thumb.wikimedia.org/wikipedia/commons/thumb/7/73/Malunggay_Pandesal.jpg/960px-Malunggay_Pandesal.jpg?utm_source=commons.wikimedia.org&utm_campaign=imageinfo&utm_content=thumbnail,Kramthenik27,Own work,CC BY-SA 4.0,https://creativecommons.org/licenses/by-sa/4.0,true,5536,3777,"Malunggay Pandesal is a nutritious twist on the classic Filipino bread roll, enriched with malunggay (moringa) leaves for added vitamins and minerals. Soft, fluffy, and slightly savory, perfect for hot coffee or hot chocolate, it's a healthier option loved by many.",
63,"Mang inasal, chicken inasal",NEEDS_VISUAL_AND_CATALOGUE_REVIEW,WIKIMEDIA_COMMONS,"File:Mang inasal, chicken inasal.jpg","https://commons.wikimedia.org/wiki/File:Mang_inasal,_chicken_inasal.jpg",https://upload.wikimedia.org/wikipedia/commons/9/97/Mang_inasal%2C_chicken_inasal.jpg?utm_source=commons.wikimedia.org&utm_campaign=imageinfo&utm_content=original,https://thumb.wikimedia.org/wikipedia/commons/thumb/9/97/Mang_inasal%2C_chicken_inasal.jpg/960px-Mang_inasal%2C_chicken_inasal.jpg?utm_source=commons.wikimedia.org&utm_campaign=imageinfo&utm_content=thumbnail,Chammy17,Own work,CC BY-SA 4.0,https://creativecommons.org/licenses/by-sa/4.0,true,4096,3072,"Mang inasal, chicken inasal",
64,Masi (Peanut Stuffed Sticky Rice),NEEDS_VISUAL_AND_CATALOGUE_REVIEW,WIKIMEDIA_COMMONS,File:Masi (Peanut Stuffed Sticky Rice).jpg,https://commons.wikimedia.org/wiki/File:Masi_(Peanut_Stuffed_Sticky_Rice).jpg,https://upload.wikimedia.org/wikipedia/commons/5/5b/Masi_%28Peanut_Stuffed_Sticky_Rice%29.jpg?utm_source=commons.wikimedia.org&utm_campaign=imageinfo&utm_content=original,https://thumb.wikimedia.org/wikipedia/commons/thumb/5/5b/Masi_%28Peanut_Stuffed_Sticky_Rice%29.jpg/960px-Masi_%28Peanut_Stuffed_Sticky_Rice%29.jpg?utm_source=commons.wikimedia.org&utm_campaign=imageinfo&utm_content=thumbnail,Herbertkikoy,Own work,CC BY-SA 4.0,https://creativecommons.org/licenses/by-sa/4.0,true,1536,2048,Masi are sweet rice balls are stuffed with brown sugar and crushed peanuts.,
65,Max's Pancit Guisado 01,NEEDS_VISUAL_AND_CATALOGUE_REVIEW,WIKIMEDIA_COMMONS,File:Max's Pancit Guisado 01.jpg,https://commons.wikimedia.org/wiki/File:Max%27s_Pancit_Guisado_01.jpg,https://upload.wikimedia.org/wikipedia/commons/6/62/Max%27s_Pancit_Guisado_01.jpg?utm_source=commons.wikimedia.org&utm_campaign=imageinfo&utm_content=original,https://thumb.wikimedia.org/wikipedia/commons/thumb/6/62/Max%27s_Pancit_Guisado_01.jpg/960px-Max%27s_Pancit_Guisado_01.jpg?utm_source=commons.wikimedia.org&utm_campaign=imageinfo&utm_content=thumbnail,ShmilyDigital,Own work,CC BY-SA 4.0,https://creativecommons.org/licenses/by-sa/4.0,true,8160,6144,"Max's Pancit Guisado topped with fishball, shrimp and pork meat served with calamansi/lemon",
66,Max's Sizzling Tofu Sisig,NEEDS_VISUAL_AND_CATALOGUE_REVIEW,WIKIMEDIA_COMMONS,File:Max's Sizzling Tofu Sisig.jpg,https://commons.wikimedia.org/wiki/File:Max%27s_Sizzling_Tofu_Sisig.jpg,https://upload.wikimedia.org/wikipedia/commons/c/ca/Max%27s_Sizzling_Tofu_Sisig.jpg?utm_source=commons.wikimedia.org&utm_campaign=imageinfo&utm_content=original,https://thumb.wikimedia.org/wikipedia/commons/thumb/c/ca/Max%27s_Sizzling_Tofu_Sisig.jpg/960px-Max%27s_Sizzling_Tofu_Sisig.jpg?utm_source=commons.wikimedia.org&utm_campaign=imageinfo&utm_content=thumbnail,ShmilyDigital,Own work,CC BY-SA 4.0,https://creativecommons.org/licenses/by-sa/4.0,true,6144,8160,Max's Sizzling Tofu Sisig,
67,Menudo on the Go!,NEEDS_VISUAL_AND_CATALOGUE_REVIEW,WIKIMEDIA_COMMONS,File:Menudo on the Go!.jpg,https://commons.wikimedia.org/wiki/File:Menudo_on_the_Go!.jpg,https://upload.wikimedia.org/wikipedia/commons/3/3f/Menudo_on_the_Go%21.jpg?utm_source=commons.wikimedia.org&utm_campaign=imageinfo&utm_content=original,https://thumb.wikimedia.org/wikipedia/commons/thumb/3/3f/Menudo_on_the_Go%21.jpg/960px-Menudo_on_the_Go%21.jpg?utm_source=commons.wikimedia.org&utm_campaign=imageinfo&utm_content=thumbnail,JeffDelfin45,Own work,CC BY-SA 4.0,https://creativecommons.org/licenses/by-sa/4.0,true,1280,824,"Menudo is a very common dish in the Philippines similar to singing, it is always a mainstay in Filipino Restaurant.",
68,Mixed Seafood 2025,NEEDS_VISUAL_AND_CATALOGUE_REVIEW,WIKIMEDIA_COMMONS,File:Mixed Seafood 2025.jpg,https://commons.wikimedia.org/wiki/File:Mixed_Seafood_2025.jpg,https://upload.wikimedia.org/wikipedia/commons/6/6c/Mixed_Seafood_2025.jpg?utm_source=commons.wikimedia.org&utm_campaign=imageinfo&utm_content=original,https://thumb.wikimedia.org/wikipedia/commons/thumb/6/6c/Mixed_Seafood_2025.jpg/960px-Mixed_Seafood_2025.jpg?utm_source=commons.wikimedia.org&utm_campaign=imageinfo&utm_content=thumbnail,Louiesemendez,Own work,CC BY-SA 4.0,https://creativecommons.org/licenses/by-sa/4.0,true,3264,4896,Mixed seafood with wine for new year's eve.,
69,Okoy na Puso ng Saging (Banana Blossom Patty) 01,NEEDS_VISUAL_AND_CATALOGUE_REVIEW,WIKIMEDIA_COMMONS,File:Okoy na Puso ng Saging (Banana Blossom Patty) 01.jpg,https://commons.wikimedia.org/wiki/File:Okoy_na_Puso_ng_Saging_(Banana_Blossom_Patty)_01.jpg,https://upload.wikimedia.org/wikipedia/commons/2/2c/Okoy_na_Puso_ng_Saging_%28Banana_Blossom_Patty%29_01.jpg?utm_source=commons.wikimedia.org&utm_campaign=imageinfo&utm_content=original,https://thumb.wikimedia.org/wikipedia/commons/thumb/2/2c/Okoy_na_Puso_ng_Saging_%28Banana_Blossom_Patty%29_01.jpg/960px-Okoy_na_Puso_ng_Saging_%28Banana_Blossom_Patty%29_01.jpg?utm_source=commons.wikimedia.org&utm_campaign=imageinfo&utm_content=thumbnail,ShmilyDigital,Own work,CC BY-SA 4.0,https://creativecommons.org/licenses/by-sa/4.0,true,6000,4000,"Okoy or ukoy, a Filipino crispy deep-fried fritters shaped or pressed like burger patty. Okoy na Puso ng Saging (or Banana Blossom Patty) is made from banana blossom.",
70,Palabok @ casa moderna,NEEDS_VISUAL_AND_CATALOGUE_REVIEW,WIKIMEDIA_COMMONS,File:Palabok @ casa moderna.jpg,https://commons.wikimedia.org/wiki/File:Palabok_@_casa_moderna.jpg,https://upload.wikimedia.org/wikipedia/commons/f/fe/Palabok_%40_casa_moderna.jpg?utm_source=commons.wikimedia.org&utm_campaign=imageinfo&utm_content=original,https://thumb.wikimedia.org/wikipedia/commons/thumb/f/fe/Palabok_%40_casa_moderna.jpg/960px-Palabok_%40_casa_moderna.jpg?utm_source=commons.wikimedia.org&utm_campaign=imageinfo&utm_content=thumbnail,Chammy17,Own work,CC BY-SA 4.0,https://creativecommons.org/licenses/by-sa/4.0,true,4096,3072,Palabok @ casa moderna,
71,Pan Bisaya,NEEDS_VISUAL_AND_CATALOGUE_REVIEW,WIKIMEDIA_COMMONS,File:Pan Bisaya.jpg,https://commons.wikimedia.org/wiki/File:Pan_Bisaya.jpg,https://upload.wikimedia.org/wikipedia/commons/f/fb/Pan_Bisaya.jpg?utm_source=commons.wikimedia.org&utm_campaign=imageinfo&utm_content=original,https://thumb.wikimedia.org/wikipedia/commons/thumb/f/fb/Pan_Bisaya.jpg/960px-Pan_Bisaya.jpg?utm_source=commons.wikimedia.org&utm_campaign=imageinfo&utm_content=thumbnail,Herbertkikoy,Own work,CC BY-SA 4.0,https://creativecommons.org/licenses/by-sa/4.0,true,2211,3316,"Pan Bisaya is a traditional bread that you can find in the province of Cebu, Siquijor, as well as other areas in the Philippines.",
72,Pancit Canton Guisado 1,NEEDS_VISUAL_AND_CATALOGUE_REVIEW,WIKIMEDIA_COMMONS,File:Pancit Canton Guisado 1.jpg,https://commons.wikimedia.org/wiki/File:Pancit_Canton_Guisado_1.jpg,https://upload.wikimedia.org/wikipedia/commons/d/d3/Pancit_Canton_Guisado_1.jpg?utm_source=commons.wikimedia.org&utm_campaign=imageinfo&utm_content=original,https://thumb.wikimedia.org/wikipedia/commons/thumb/d/d3/Pancit_Canton_Guisado_1.jpg/960px-Pancit_Canton_Guisado_1.jpg?utm_source=commons.wikimedia.org&utm_campaign=imageinfo&utm_content=thumbnail,ShmilyDigital,Own work,CC BY-SA 4.0,https://creativecommons.org/licenses/by-sa/4.0,true,6000,4000,Pancit canton guisado serve with calamansi/lemon,
73,Pansit guisado,NEEDS_VISUAL_AND_CATALOGUE_REVIEW,WIKIMEDIA_COMMONS,File:Pansit guisado.jpg,https://commons.wikimedia.org/wiki/File:Pansit_guisado.jpg,https://upload.wikimedia.org/wikipedia/commons/9/90/Pansit_guisado.jpg?utm_source=commons.wikimedia.org&utm_campaign=imageinfo&utm_content=original,https://thumb.wikimedia.org/wikipedia/commons/thumb/9/90/Pansit_guisado.jpg/960px-Pansit_guisado.jpg?utm_source=commons.wikimedia.org&utm_campaign=imageinfo&utm_content=thumbnail,Chammy17,Own work,CC BY-SA 4.0,https://creativecommons.org/licenses/by-sa/4.0,true,4624,2701,Pansit guisado @Mplaza Naga city,
74,Pansit Habhab of Quezon Province,NEEDS_VISUAL_AND_CATALOGUE_REVIEW,WIKIMEDIA_COMMONS,File:Pansit Habhab of Quezon Province.jpg,https://commons.wikimedia.org/wiki/File:Pansit_Habhab_of_Quezon_Province.jpg,https://upload.wikimedia.org/wikipedia/commons/a/a9/Pansit_Habhab_of_Quezon_Province.jpg?utm_source=commons.wikimedia.org&utm_campaign=imageinfo&utm_content=original,https://thumb.wikimedia.org/wikipedia/commons/thumb/a/a9/Pansit_Habhab_of_Quezon_Province.jpg/960px-Pansit_Habhab_of_Quezon_Province.jpg?utm_source=commons.wikimedia.org&utm_campaign=imageinfo&utm_content=thumbnail,Sheena Aloner,Own work,CC BY-SA 4.0,https://creativecommons.org/licenses/by-sa/4.0,true,3024,4032,Pansit Habhab of Quezon Province,
75,Pinoy Empanada,NEEDS_VISUAL_AND_CATALOGUE_REVIEW,WIKIMEDIA_COMMONS,File:Pinoy Empanada.jpg,https://commons.wikimedia.org/wiki/File:Pinoy_Empanada.jpg,https://upload.wikimedia.org/wikipedia/commons/2/23/Pinoy_Empanada.jpg?utm_source=commons.wikimedia.org&utm_campaign=imageinfo&utm_content=original,https://thumb.wikimedia.org/wikipedia/commons/thumb/2/23/Pinoy_Empanada.jpg/960px-Pinoy_Empanada.jpg?utm_source=commons.wikimedia.org&utm_campaign=imageinfo&utm_content=thumbnail,Herbertkikoy,Own work,CC BY-SA 4.0,https://creativecommons.org/licenses/by-sa/4.0,true,2048,1365,"Empanada is a type of pastry that is stuffed with chicken meat, potato, carrots, and sweet pea.",
76,Pinoy Kinilaw,NEEDS_VISUAL_AND_CATALOGUE_REVIEW,WIKIMEDIA_COMMONS,File:Pinoy Kinilaw.jpg,https://commons.wikimedia.org/wiki/File:Pinoy_Kinilaw.jpg,https://upload.wikimedia.org/wikipedia/commons/9/9f/Pinoy_Kinilaw.jpg?utm_source=commons.wikimedia.org&utm_campaign=imageinfo&utm_content=original,https://thumb.wikimedia.org/wikipedia/commons/thumb/9/9f/Pinoy_Kinilaw.jpg/960px-Pinoy_Kinilaw.jpg?utm_source=commons.wikimedia.org&utm_campaign=imageinfo&utm_content=thumbnail,Herbertkikoy,Own work,CC BY-SA 4.0,https://creativecommons.org/licenses/by-sa/4.0,true,6000,4000,"Kinilaw is a Filipino dish made with raw fish or seafood ""cooked"" in a marinade of vinegar, citrus juice, and spices. It's a popular appetizer or snack, often enjoyed with alcoholic beverages. The acidity of the marinade denatures the proteins in the fish, making it safe to eat raw.",
77,Poqui poqui,NEEDS_VISUAL_AND_CATALOGUE_REVIEW,WIKIMEDIA_COMMONS,File:Poqui poqui.jpg,https://commons.wikimedia.org/wiki/File:Poqui_poqui.jpg,https://upload.wikimedia.org/wikipedia/commons/a/a5/Poqui_poqui.jpg?utm_source=commons.wikimedia.org&utm_campaign=imageinfo&utm_content=original,https://thumb.wikimedia.org/wikipedia/commons/thumb/a/a5/Poqui_poqui.jpg/960px-Poqui_poqui.jpg?utm_source=commons.wikimedia.org&utm_campaign=imageinfo&utm_content=thumbnail,ShmilyDigital,Own work,CC BY-SA 4.0,https://creativecommons.org/licenses/by-sa/4.0,true,6000,4000,Poqui poqui is an eggplant and scrambled egg dish from Ilocos Region,
78,Pork and Tofu Sisig,NEEDS_VISUAL_AND_CATALOGUE_REVIEW,WIKIMEDIA_COMMONS,File:Pork and Tofu Sisig.jpg,https://commons.wikimedia.org/wiki/File:Pork_and_Tofu_Sisig.jpg,https://upload.wikimedia.org/wikipedia/commons/4/40/Pork_and_Tofu_Sisig.jpg?utm_source=commons.wikimedia.org&utm_campaign=imageinfo&utm_content=original,https://thumb.wikimedia.org/wikipedia/commons/thumb/4/40/Pork_and_Tofu_Sisig.jpg/960px-Pork_and_Tofu_Sisig.jpg?utm_source=commons.wikimedia.org&utm_campaign=imageinfo&utm_content=thumbnail,Louiesemendez,Own work,CC BY-SA 4.0,https://creativecommons.org/licenses/by-sa/4.0,true,3264,4896,Pork and tofu sisig for new year's eve.,
79,Pork Inasal,NEEDS_VISUAL_AND_CATALOGUE_REVIEW,WIKIMEDIA_COMMONS,File:Pork Inasal.jpg,https://commons.wikimedia.org/wiki/File:Pork_Inasal.jpg,https://upload.wikimedia.org/wikipedia/commons/8/82/Pork_Inasal.jpg?utm_source=commons.wikimedia.org&utm_campaign=imageinfo&utm_content=original,https://thumb.wikimedia.org/wikipedia/commons/thumb/8/82/Pork_Inasal.jpg/960px-Pork_Inasal.jpg?utm_source=commons.wikimedia.org&utm_campaign=imageinfo&utm_content=thumbnail,Kramthenik27,Own work,CC BY-SA 4.0,https://creativecommons.org/licenses/by-sa/4.0,true,5725,3629,"Pork inasal is a Filipino grilled pork dish marinated in a mix of vinegar, calamansi, soy sauce, garlic, and spices, then char-grilled to smoky perfection. It's a favorite in Filipino cuisine for its savory, tangy flavor.",
80,Pork Menudo (Filipino Pork Stew),NEEDS_VISUAL_AND_CATALOGUE_REVIEW,WIKIMEDIA_COMMONS,File:Pork Menudo (Filipino Pork Stew).jpg,https://commons.wikimedia.org/wiki/File:Pork_Menudo_(Filipino_Pork_Stew).jpg,https://upload.wikimedia.org/wikipedia/commons/e/e0/Pork_Menudo_%28Filipino_Pork_Stew%29.jpg?utm_source=commons.wikimedia.org&utm_campaign=imageinfo&utm_content=original,https://thumb.wikimedia.org/wikipedia/commons/thumb/e/e0/Pork_Menudo_%28Filipino_Pork_Stew%29.jpg/960px-Pork_Menudo_%28Filipino_Pork_Stew%29.jpg?utm_source=commons.wikimedia.org&utm_campaign=imageinfo&utm_content=thumbnail,ShmilyDigital,Own work,CC BY-SA 4.0,https://creativecommons.org/licenses/by-sa/4.0,true,6000,4000,Pork Menudo,
81,Pork Soup,NEEDS_VISUAL_AND_CATALOGUE_REVIEW,WIKIMEDIA_COMMONS,File:Pork Soup.jpg,https://commons.wikimedia.org/wiki/File:Pork_Soup.jpg,https://upload.wikimedia.org/wikipedia/commons/e/e4/Pork_Soup.jpg?utm_source=commons.wikimedia.org&utm_campaign=imageinfo&utm_content=original,https://thumb.wikimedia.org/wikipedia/commons/thumb/e/e4/Pork_Soup.jpg/960px-Pork_Soup.jpg?utm_source=commons.wikimedia.org&utm_campaign=imageinfo&utm_content=thumbnail,Herbertkikoy,Own work,CC BY-SA 4.0,https://creativecommons.org/licenses/by-sa/4.0,true,2887,3850,A different approach and presentation of a pork soup,
82,RECADO SA TINOLA,NEEDS_VISUAL_AND_CATALOGUE_REVIEW,WIKIMEDIA_COMMONS,File:RECADO SA TINOLA.jpg,https://commons.wikimedia.org/wiki/File:RECADO_SA_TINOLA.jpg,https://upload.wikimedia.org/wikipedia/commons/e/e7/RECADO_SA_TINOLA.jpg?utm_source=commons.wikimedia.org&utm_campaign=imageinfo&utm_content=original,https://thumb.wikimedia.org/wikipedia/commons/thumb/e/e7/RECADO_SA_TINOLA.jpg/960px-RECADO_SA_TINOLA.jpg?utm_source=commons.wikimedia.org&utm_campaign=imageinfo&utm_content=thumbnail,Conrad027,Own work,CC BY-SA 4.0,https://creativecommons.org/licenses/by-sa/4.0,true,4057,2705,"TINOLA, is one of the most favorite chicken dishes of Filipinos, it is often cooked during the rainy season because of its vitamins and the hot broth that soothes the body.",
83,Relyeno Bangus,NEEDS_VISUAL_AND_CATALOGUE_REVIEW,WIKIMEDIA_COMMONS,File:Relyeno Bangus.jpg,https://commons.wikimedia.org/wiki/File:Relyeno_Bangus.jpg,https://upload.wikimedia.org/wikipedia/commons/7/72/Relyeno_Bangus.jpg?utm_source=commons.wikimedia.org&utm_campaign=imageinfo&utm_content=original,https://thumb.wikimedia.org/wikipedia/commons/thumb/7/72/Relyeno_Bangus.jpg/960px-Relyeno_Bangus.jpg?utm_source=commons.wikimedia.org&utm_campaign=imageinfo&utm_content=thumbnail,Anneclicks,Own work,CC BY-SA 4.0,https://creativecommons.org/licenses/by-sa/4.0,true,2351,3135,It's the perfect dish to celebrate holidays and special occasions,
84,Savory Pork Dish,NEEDS_VISUAL_AND_CATALOGUE_REVIEW,WIKIMEDIA_COMMONS,File:Savory Pork Dish.jpg,https://commons.wikimedia.org/wiki/File:Savory_Pork_Dish.jpg,https://upload.wikimedia.org/wikipedia/commons/c/c3/Savory_Pork_Dish.jpg?utm_source=commons.wikimedia.org&utm_campaign=imageinfo&utm_content=original,https://thumb.wikimedia.org/wikipedia/commons/thumb/c/c3/Savory_Pork_Dish.jpg/960px-Savory_Pork_Dish.jpg?utm_source=commons.wikimedia.org&utm_campaign=imageinfo&utm_content=thumbnail,Mhackvidanes,Own work,CC BY-SA 4.0,https://creativecommons.org/licenses/by-sa/4.0,true,4000,3000,"A tantalizing blend of flavors, this savory pork dish promises to delight your taste buds and leave you craving more.",
85,Scrambled egg on plate,NEEDS_VISUAL_AND_CATALOGUE_REVIEW,WIKIMEDIA_COMMONS,File:Scrambled egg on plate.jpg,https://commons.wikimedia.org/wiki/File:Scrambled_egg_on_plate.jpg,https://upload.wikimedia.org/wikipedia/commons/9/95/Scrambled_egg_on_plate.jpg?utm_source=commons.wikimedia.org&utm_campaign=imageinfo&utm_content=original,https://thumb.wikimedia.org/wikipedia/commons/thumb/9/95/Scrambled_egg_on_plate.jpg/960px-Scrambled_egg_on_plate.jpg?utm_source=commons.wikimedia.org&utm_campaign=imageinfo&utm_content=thumbnail,Chammy17,Own work,CC BY-SA 4.0,https://creativecommons.org/licenses/by-sa/4.0,true,2608,4624,Scrambled egg on plate,
86,Seafood shrimp and bibe shell with mais,NEEDS_VISUAL_AND_CATALOGUE_REVIEW,WIKIMEDIA_COMMONS,File:Seafood shrimp and bibe shell with mais.jpg,https://commons.wikimedia.org/wiki/File:Seafood_shrimp_and_bibe_shell_with_mais.jpg,https://upload.wikimedia.org/wikipedia/commons/1/1c/Seafood_shrimp_and_bibe_shell_with_mais.jpg?utm_source=commons.wikimedia.org&utm_campaign=imageinfo&utm_content=original,https://thumb.wikimedia.org/wikipedia/commons/thumb/1/1c/Seafood_shrimp_and_bibe_shell_with_mais.jpg/960px-Seafood_shrimp_and_bibe_shell_with_mais.jpg?utm_source=commons.wikimedia.org&utm_campaign=imageinfo&utm_content=thumbnail,Chammy17,Own work,CC BY-SA 4.0,https://creativecommons.org/licenses/by-sa/4.0,true,3072,4096,Seafood shrimp and bibe shell with mais,
87,Silog,NEEDS_VISUAL_AND_CATALOGUE_REVIEW,WIKIMEDIA_COMMONS,File:Silog.jpg,https://commons.wikimedia.org/wiki/File:Silog.jpg,https://upload.wikimedia.org/wikipedia/commons/4/4d/Silog.jpg?utm_source=commons.wikimedia.org&utm_campaign=imageinfo&utm_content=original,https://thumb.wikimedia.org/wikipedia/commons/thumb/4/4d/Silog.jpg/960px-Silog.jpg?utm_source=commons.wikimedia.org&utm_campaign=imageinfo&utm_content=thumbnail,Anneclicks,Own work,CC BY-SA 4.0,https://creativecommons.org/licenses/by-sa/4.0,true,3174,2433,"Silog isn't so much a recipe as much as it is a serving suggestion, but given that it's one of Filipino's favorite breakfasts",
88,Sinabawan karning baboy,NEEDS_VISUAL_AND_CATALOGUE_REVIEW,WIKIMEDIA_COMMONS,File:Sinabawan karning baboy.jpg,https://commons.wikimedia.org/wiki/File:Sinabawan_karning_baboy.jpg,https://upload.wikimedia.org/wikipedia/commons/b/b9/Sinabawan_karning_baboy.jpg?utm_source=commons.wikimedia.org&utm_campaign=imageinfo&utm_content=original,https://thumb.wikimedia.org/wikipedia/commons/thumb/b/b9/Sinabawan_karning_baboy.jpg/960px-Sinabawan_karning_baboy.jpg?utm_source=commons.wikimedia.org&utm_campaign=imageinfo&utm_content=thumbnail,Chammy17,Own work,CC BY-SA 4.0,https://creativecommons.org/licenses/by-sa/4.0,true,2601,3767,Sinabawan karning baboy,
89,Sinigang sa hipon,NEEDS_VISUAL_AND_CATALOGUE_REVIEW,WIKIMEDIA_COMMONS,File:Sinigang sa hipon.jpg,https://commons.wikimedia.org/wiki/File:Sinigang_sa_hipon.jpg,https://upload.wikimedia.org/wikipedia/commons/0/07/Sinigang_sa_hipon.jpg?utm_source=commons.wikimedia.org&utm_campaign=imageinfo&utm_content=original,https://thumb.wikimedia.org/wikipedia/commons/thumb/0/07/Sinigang_sa_hipon.jpg/960px-Sinigang_sa_hipon.jpg?utm_source=commons.wikimedia.org&utm_campaign=imageinfo&utm_content=thumbnail,Chammy17,Own work,CC BY-SA 4.0,https://creativecommons.org/licenses/by-sa/4.0,true,4624,2608,Sinigang sa hipon and lots of vegetables from Bahay kubo,
90,Siomai Rice,NEEDS_VISUAL_AND_CATALOGUE_REVIEW,WIKIMEDIA_COMMONS,File:Siomai Rice.jpg,https://commons.wikimedia.org/wiki/File:Siomai_Rice.jpg,https://upload.wikimedia.org/wikipedia/commons/5/58/Siomai_Rice.jpg?utm_source=commons.wikimedia.org&utm_campaign=imageinfo&utm_content=original,https://thumb.wikimedia.org/wikipedia/commons/thumb/5/58/Siomai_Rice.jpg/960px-Siomai_Rice.jpg?utm_source=commons.wikimedia.org&utm_campaign=imageinfo&utm_content=thumbnail,ShmilyDigital,Own work,CC BY-SA 4.0,https://creativecommons.org/licenses/by-sa/4.0,true,1152,2048,Siomai rice in a bowl paired with black gulaman,
91,Sisig Twist,NEEDS_VISUAL_AND_CATALOGUE_REVIEW,WIKIMEDIA_COMMONS,File:Sisig Twist.jpg,https://commons.wikimedia.org/wiki/File:Sisig_Twist.jpg,https://upload.wikimedia.org/wikipedia/commons/9/96/Sisig_Twist.jpg?utm_source=commons.wikimedia.org&utm_campaign=imageinfo&utm_content=original,https://thumb.wikimedia.org/wikipedia/commons/thumb/9/96/Sisig_Twist.jpg/960px-Sisig_Twist.jpg?utm_source=commons.wikimedia.org&utm_campaign=imageinfo&utm_content=thumbnail,Herbertkikoy,Own work,CC BY-SA 4.0,https://creativecommons.org/licenses/by-sa/4.0,true,2796,3393,A different approach and presentation of the Pinoy Sisig,
92,Sizzling tofu,NEEDS_VISUAL_AND_CATALOGUE_REVIEW,WIKIMEDIA_COMMONS,File:Sizzling tofu.jpg,https://commons.wikimedia.org/wiki/File:Sizzling_tofu.jpg,https://upload.wikimedia.org/wikipedia/commons/c/c1/Sizzling_tofu.jpg?utm_source=commons.wikimedia.org&utm_campaign=imageinfo&utm_content=original,https://thumb.wikimedia.org/wikipedia/commons/thumb/c/c1/Sizzling_tofu.jpg/960px-Sizzling_tofu.jpg?utm_source=commons.wikimedia.org&utm_campaign=imageinfo&utm_content=thumbnail,Chammy17,Own work,CC BY-SA 4.0,https://creativecommons.org/licenses/by-sa/4.0,true,5184,3456,Sizzling tofu,
93,Spamsilog,NEEDS_VISUAL_AND_CATALOGUE_REVIEW,WIKIMEDIA_COMMONS,File:Spamsilog.jpg,https://commons.wikimedia.org/wiki/File:Spamsilog.jpg,https://upload.wikimedia.org/wikipedia/commons/f/f6/Spamsilog.jpg?utm_source=commons.wikimedia.org&utm_campaign=imageinfo&utm_content=original,https://thumb.wikimedia.org/wikipedia/commons/thumb/f/f6/Spamsilog.jpg/960px-Spamsilog.jpg?utm_source=commons.wikimedia.org&utm_campaign=imageinfo&utm_content=thumbnail,ShmilyDigital,Own work,CC BY-SA 4.0,https://creativecommons.org/licenses/by-sa/4.0,true,2048,1152,"Spamsilog is a breakfast meal made of spam, egg and fried rice",
94,Special Goto,NEEDS_VISUAL_AND_CATALOGUE_REVIEW,WIKIMEDIA_COMMONS,File:Special Goto.jpg,https://commons.wikimedia.org/wiki/File:Special_Goto.jpg,https://upload.wikimedia.org/wikipedia/commons/c/cd/Special_Goto.jpg?utm_source=commons.wikimedia.org&utm_campaign=imageinfo&utm_content=original,https://thumb.wikimedia.org/wikipedia/commons/thumb/c/cd/Special_Goto.jpg/960px-Special_Goto.jpg?utm_source=commons.wikimedia.org&utm_campaign=imageinfo&utm_content=thumbnail,Herbertkikoy,Own work,CC BY-SA 4.0,https://creativecommons.org/licenses/by-sa/4.0,true,1536,2048,Goto is a type of rice porridge cooked with ox tripe and sometimes with pig intestine. It is served with toasted garlic on top along with calamansi.,
95,Spicy Bicol Express,NEEDS_VISUAL_AND_CATALOGUE_REVIEW,WIKIMEDIA_COMMONS,File:Spicy Bicol Express.jpg,https://commons.wikimedia.org/wiki/File:Spicy_Bicol_Express.jpg,https://upload.wikimedia.org/wikipedia/commons/e/eb/Spicy_Bicol_Express.jpg?utm_source=commons.wikimedia.org&utm_campaign=imageinfo&utm_content=original,https://thumb.wikimedia.org/wikipedia/commons/thumb/e/eb/Spicy_Bicol_Express.jpg/960px-Spicy_Bicol_Express.jpg?utm_source=commons.wikimedia.org&utm_campaign=imageinfo&utm_content=thumbnail,ShmilyDigital,Own work,CC BY-SA 4.0,https://creativecommons.org/licenses/by-sa/4.0,true,4000,6000,Bicol Express,
96,Sunny-side up plating,NEEDS_VISUAL_AND_CATALOGUE_REVIEW,WIKIMEDIA_COMMONS,File:Sunny-side up plating.jpg,https://commons.wikimedia.org/wiki/File:Sunny-side_up_plating.jpg,https://upload.wikimedia.org/wikipedia/commons/e/e7/Sunny-side_up_plating.jpg?utm_source=commons.wikimedia.org&utm_campaign=imageinfo&utm_content=original,https://thumb.wikimedia.org/wikipedia/commons/thumb/e/e7/Sunny-side_up_plating.jpg/960px-Sunny-side_up_plating.jpg?utm_source=commons.wikimedia.org&utm_campaign=imageinfo&utm_content=thumbnail,Chammy17,Own work,CC BY-SA 4.0,https://creativecommons.org/licenses/by-sa/4.0,true,3468,4624,Sunny-side up plating for our school presentation,
97,Sweet and sour bibi patty,NEEDS_VISUAL_AND_CATALOGUE_REVIEW,WIKIMEDIA_COMMONS,File:Sweet and sour bibi patty.jpg,https://commons.wikimedia.org/wiki/File:Sweet_and_sour_bibi_patty.jpg,https://upload.wikimedia.org/wikipedia/commons/6/66/Sweet_and_sour_bibi_patty.jpg?utm_source=commons.wikimedia.org&utm_campaign=imageinfo&utm_content=original,https://thumb.wikimedia.org/wikipedia/commons/thumb/6/66/Sweet_and_sour_bibi_patty.jpg/960px-Sweet_and_sour_bibi_patty.jpg?utm_source=commons.wikimedia.org&utm_campaign=imageinfo&utm_content=thumbnail,Filipinayzd,Own work,CC BY-SA 4.0,https://creativecommons.org/licenses/by-sa/4.0,true,1376,1033,"Sweet and sour bibi patty - entry for the cooking competition during the Pagsasatubuanan: Exploring Rinconada Food Heritage from Camarines Sur Polytechnic Colleges at Nabua, Camarines Sur.",
98,Sweet and Sour Bliss Banana Blossom Meat Sensation,NEEDS_VISUAL_AND_CATALOGUE_REVIEW,WIKIMEDIA_COMMONS,File:Sweet and Sour Bliss Banana Blossom Meat Sensation.jpg,https://commons.wikimedia.org/wiki/File:Sweet_and_Sour_Bliss_Banana_Blossom_Meat_Sensation.jpg,https://upload.wikimedia.org/wikipedia/commons/9/9f/Sweet_and_Sour_Bliss_Banana_Blossom_Meat_Sensation.jpg?utm_source=commons.wikimedia.org&utm_campaign=imageinfo&utm_content=original,https://thumb.wikimedia.org/wikipedia/commons/thumb/9/9f/Sweet_and_Sour_Bliss_Banana_Blossom_Meat_Sensation.jpg/960px-Sweet_and_Sour_Bliss_Banana_Blossom_Meat_Sensation.jpg?utm_source=commons.wikimedia.org&utm_campaign=imageinfo&utm_content=thumbnail,Mhackvidanes,Own work,CC BY-SA 4.0,https://creativecommons.org/licenses/by-sa/4.0,true,1080,810,"A delightful twist on a classic, featuring sweet and sour banana blossom 'meat' that promises a burst of flavor and texture in every bite.",
99,Sweet potato and lubi-lubi duchess,NEEDS_VISUAL_AND_CATALOGUE_REVIEW,WIKIMEDIA_COMMONS,File:Sweet potato and lubi-lubi duchess.jpg,https://commons.wikimedia.org/wiki/File:Sweet_potato_and_lubi-lubi_duchess.jpg,https://upload.wikimedia.org/wikipedia/commons/1/19/Sweet_potato_and_lubi-lubi_duchess.jpg?utm_source=commons.wikimedia.org&utm_campaign=imageinfo&utm_content=original,https://thumb.wikimedia.org/wikipedia/commons/thumb/1/19/Sweet_potato_and_lubi-lubi_duchess.jpg/960px-Sweet_potato_and_lubi-lubi_duchess.jpg?utm_source=commons.wikimedia.org&utm_campaign=imageinfo&utm_content=thumbnail,Filipinayzd,Own work,CC BY-SA 4.0,https://creativecommons.org/licenses/by-sa/4.0,true,1376,1033,"Sweet potato and lubi-lubi duchess - grand winner for the recipe competition during the Pagsasatubuanan: Exploring Rinconada Food Heritage hails from the College of Tourism, Hospitality, and Business Management, , Camarines Sur Polytechnic Colleges at Nabua, Camarines Sur. Team members: Russel Hernandez Sofia Ramos Coach: Dr. Rosana B. Oliveros",
100,The Akeanon Binakoe,NEEDS_VISUAL_AND_CATALOGUE_REVIEW,WIKIMEDIA_COMMONS,File:The Akeanon Binakoe.jpg,https://commons.wikimedia.org/wiki/File:The_Akeanon_Binakoe.jpg,https://upload.wikimedia.org/wikipedia/commons/3/37/The_Akeanon_Binakoe.jpg?utm_source=commons.wikimedia.org&utm_campaign=imageinfo&utm_content=original,https://thumb.wikimedia.org/wikipedia/commons/thumb/3/37/The_Akeanon_Binakoe.jpg/960px-The_Akeanon_Binakoe.jpg?utm_source=commons.wikimedia.org&utm_campaign=imageinfo&utm_content=thumbnail,Joma Roma,Own work,CC BY-SA 4.0,https://creativecommons.org/licenses/by-sa/4.0,true,3781,5461,"Traditionally, chicken and young coconut meat with its juice is placed inside a bamboo along with aromatics then cooked over a fire. The Binakoe of the Aklanon is a symbol of its rich culture and resourcefulness of its people.",
101,Tilapia Sinanglay Sizzling Sisig,NEEDS_VISUAL_AND_CATALOGUE_REVIEW,WIKIMEDIA_COMMONS,File:Tilapia Sinanglay Sizzling Sisig.jpg,https://commons.wikimedia.org/wiki/File:Tilapia_Sinanglay_Sizzling_Sisig.jpg,https://upload.wikimedia.org/wikipedia/commons/2/24/Tilapia_Sinanglay_Sizzling_Sisig.jpg?utm_source=commons.wikimedia.org&utm_campaign=imageinfo&utm_content=original,https://thumb.wikimedia.org/wikipedia/commons/thumb/2/24/Tilapia_Sinanglay_Sizzling_Sisig.jpg/960px-Tilapia_Sinanglay_Sizzling_Sisig.jpg?utm_source=commons.wikimedia.org&utm_campaign=imageinfo&utm_content=thumbnail,Filipinayzd,Own work,CC BY-SA 4.0,https://creativecommons.org/licenses/by-sa/4.0,true,1376,1033,"Tilapia Sinanglay Sizzling Sisig - the grand winner for the cooking competition during the Pagsasatubuanan: Exploring Rinconada Food Heritage hails from the College of Technological and Developmental Education, Camarines Sur Polytechnic Colleges at Nabua, Camarines Sur. Team members: Jan Harvey Bustarga Lorraine Gratil Coach: Dr. Mitch Lomeda-Junio",
102,Tilapia steak and mashed bungkukan with lemon cream sauce,NEEDS_VISUAL_AND_CATALOGUE_REVIEW,WIKIMEDIA_COMMONS,File:Tilapia steak and mashed bungkukan with lemon cream sauce.jpg,https://commons.wikimedia.org/wiki/File:Tilapia_steak_and_mashed_bungkukan_with_lemon_cream_sauce.jpg,https://upload.wikimedia.org/wikipedia/commons/7/7f/Tilapia_steak_and_mashed_bungkukan_with_lemon_cream_sauce.jpg?utm_source=commons.wikimedia.org&utm_campaign=imageinfo&utm_content=original,https://thumb.wikimedia.org/wikipedia/commons/thumb/7/7f/Tilapia_steak_and_mashed_bungkukan_with_lemon_cream_sauce.jpg/960px-Tilapia_steak_and_mashed_bungkukan_with_lemon_cream_sauce.jpg?utm_source=commons.wikimedia.org&utm_campaign=imageinfo&utm_content=thumbnail,Filipinayzd,Own work,CC BY-SA 4.0,https://creativecommons.org/licenses/by-sa/4.0,true,1376,1033,"Tilapia steak and mashed bungkukan with lemon cream sauce - grand winner for the recipe competition during the Pagsasatubuanan: Exploring Rinconada Food Heritage hails from the College of Tourism, Hospitality, and Business Management, , Camarines Sur Polytechnic Colleges at Nabua, Camarines Sur. Team members: Russel Hernandez Sofia Ramos Coach: Dr. Rosana B. Oliveros",
103,Tilapia with salted black beans,NEEDS_VISUAL_AND_CATALOGUE_REVIEW,WIKIMEDIA_COMMONS,File:Tilapia with salted black beans.jpg,https://commons.wikimedia.org/wiki/File:Tilapia_with_salted_black_beans.jpg,https://upload.wikimedia.org/wikipedia/commons/9/9a/Tilapia_with_salted_black_beans.jpg?utm_source=commons.wikimedia.org&utm_campaign=imageinfo&utm_content=original,https://thumb.wikimedia.org/wikipedia/commons/thumb/9/9a/Tilapia_with_salted_black_beans.jpg/960px-Tilapia_with_salted_black_beans.jpg?utm_source=commons.wikimedia.org&utm_campaign=imageinfo&utm_content=thumbnail,Chammy17,Own work,CC BY-SA 4.0,https://creativecommons.org/licenses/by-sa/4.0,true,3545,2222,Tilapia with salted black beans,
104,Tinapa Fried Rice 1,NEEDS_VISUAL_AND_CATALOGUE_REVIEW,WIKIMEDIA_COMMONS,File:Tinapa Fried Rice 1.jpg,https://commons.wikimedia.org/wiki/File:Tinapa_Fried_Rice_1.jpg,https://upload.wikimedia.org/wikipedia/commons/d/d8/Tinapa_Fried_Rice_1.jpg?utm_source=commons.wikimedia.org&utm_campaign=imageinfo&utm_content=original,https://thumb.wikimedia.org/wikipedia/commons/thumb/d/d8/Tinapa_Fried_Rice_1.jpg/960px-Tinapa_Fried_Rice_1.jpg?utm_source=commons.wikimedia.org&utm_campaign=imageinfo&utm_content=thumbnail,ShmilyDigital,Own work,CC BY-SA 4.0,https://creativecommons.org/licenses/by-sa/4.0,true,6000,4000,"Tinapa fried rice with salted egg slices, tomatoes and mangoes",
105,TINOLANG MANOK,NEEDS_VISUAL_AND_CATALOGUE_REVIEW,WIKIMEDIA_COMMONS,File:TINOLANG MANOK.jpg,https://commons.wikimedia.org/wiki/File:TINOLANG_MANOK.jpg,https://upload.wikimedia.org/wikipedia/commons/9/9c/TINOLANG_MANOK.jpg?utm_source=commons.wikimedia.org&utm_campaign=imageinfo&utm_content=original,https://thumb.wikimedia.org/wikipedia/commons/thumb/9/9c/TINOLANG_MANOK.jpg/960px-TINOLANG_MANOK.jpg?utm_source=commons.wikimedia.org&utm_campaign=imageinfo&utm_content=thumbnail,Squatic,Own work,CC BY-SA 4.0,https://creativecommons.org/licenses/by-sa/4.0,true,5168,3448,Tinolang manok is a pinoy native recipe which prepared and cook with natural ingredients. This recipe always present during birthday celebrations and other special ocassions.,
106,Tinuktok,NEEDS_VISUAL_AND_CATALOGUE_REVIEW,WIKIMEDIA_COMMONS,File:Tinuktok.jpg,https://commons.wikimedia.org/wiki/File:Tinuktok.jpg,https://upload.wikimedia.org/wikipedia/commons/3/32/Tinuktok.jpg?utm_source=commons.wikimedia.org&utm_campaign=imageinfo&utm_content=original,https://thumb.wikimedia.org/wikipedia/commons/thumb/3/32/Tinuktok.jpg/960px-Tinuktok.jpg?utm_source=commons.wikimedia.org&utm_campaign=imageinfo&utm_content=thumbnail,Filipinayzd,Own work,CC BY-SA 4.0,https://creativecommons.org/licenses/by-sa/4.0,true,1376,1033,Tinuktok,
107,Tofu Sisig,NEEDS_VISUAL_AND_CATALOGUE_REVIEW,WIKIMEDIA_COMMONS,File:Tofu Sisig.jpg,https://commons.wikimedia.org/wiki/File:Tofu_Sisig.jpg,https://upload.wikimedia.org/wikipedia/commons/b/be/Tofu_Sisig.jpg?utm_source=commons.wikimedia.org&utm_campaign=imageinfo&utm_content=original,https://thumb.wikimedia.org/wikipedia/commons/thumb/b/be/Tofu_Sisig.jpg/960px-Tofu_Sisig.jpg?utm_source=commons.wikimedia.org&utm_campaign=imageinfo&utm_content=thumbnail,Louiesemendez,Own work,CC BY-SA 4.0,https://creativecommons.org/licenses/by-sa/4.0,true,3264,4896,Tofu sisig for Christmas eve.,
108,Tokwa at Baboy,NEEDS_VISUAL_AND_CATALOGUE_REVIEW,WIKIMEDIA_COMMONS,File:Tokwa at Baboy.jpg,https://commons.wikimedia.org/wiki/File:Tokwa_at_Baboy.jpg,https://upload.wikimedia.org/wikipedia/commons/a/a3/Tokwa_at_Baboy.jpg?utm_source=commons.wikimedia.org&utm_campaign=imageinfo&utm_content=original,https://thumb.wikimedia.org/wikipedia/commons/thumb/a/a3/Tokwa_at_Baboy.jpg/960px-Tokwa_at_Baboy.jpg?utm_source=commons.wikimedia.org&utm_campaign=imageinfo&utm_content=thumbnail,Herbertkikoy,Own work,CC BY-SA 4.0,https://creativecommons.org/licenses/by-sa/4.0,true,2048,1536,Tokwat Baboy is a dish composed of boiled pork (either or both pig's ears and pork belly usually) and fried tofu.,
109,Tokwa diet,NEEDS_VISUAL_AND_CATALOGUE_REVIEW,WIKIMEDIA_COMMONS,File:Tokwa diet.jpg,https://commons.wikimedia.org/wiki/File:Tokwa_diet.jpg,https://upload.wikimedia.org/wikipedia/commons/c/c1/Tokwa_diet.jpg?utm_source=commons.wikimedia.org&utm_campaign=imageinfo&utm_content=original,https://thumb.wikimedia.org/wikipedia/commons/thumb/c/c1/Tokwa_diet.jpg/960px-Tokwa_diet.jpg?utm_source=commons.wikimedia.org&utm_campaign=imageinfo&utm_content=thumbnail,Chammy17,Own work,CC BY-SA 4.0,https://creativecommons.org/licenses/by-sa/4.0,true,2608,4624,Tokwa diet after gym,
110,Topsilog,NEEDS_VISUAL_AND_CATALOGUE_REVIEW,WIKIMEDIA_COMMONS,File:Topsilog.jpg,https://commons.wikimedia.org/wiki/File:Topsilog.jpg,https://upload.wikimedia.org/wikipedia/commons/5/58/Topsilog.jpg?utm_source=commons.wikimedia.org&utm_campaign=imageinfo&utm_content=original,https://thumb.wikimedia.org/wikipedia/commons/thumb/5/58/Topsilog.jpg/960px-Topsilog.jpg?utm_source=commons.wikimedia.org&utm_campaign=imageinfo&utm_content=thumbnail,Anneclicks,Own work,CC BY-SA 4.0,https://creativecommons.org/licenses/by-sa/4.0,true,3127,2448,Silog one of Filipino's favorite breakfasts of all time,
111,Tropical White Chicken Adobo,NEEDS_VISUAL_AND_CATALOGUE_REVIEW,WIKIMEDIA_COMMONS,File:Tropical White Chicken Adobo.jpg,https://commons.wikimedia.org/wiki/File:Tropical_White_Chicken_Adobo.jpg,https://upload.wikimedia.org/wikipedia/commons/3/37/Tropical_White_Chicken_Adobo.jpg?utm_source=commons.wikimedia.org&utm_campaign=imageinfo&utm_content=original,https://thumb.wikimedia.org/wikipedia/commons/thumb/3/37/Tropical_White_Chicken_Adobo.jpg/960px-Tropical_White_Chicken_Adobo.jpg?utm_source=commons.wikimedia.org&utm_campaign=imageinfo&utm_content=thumbnail,Mhackvidanes,Own work,CC BY-SA 4.0,https://creativecommons.org/licenses/by-sa/4.0,true,4000,3000,"Experience a burst of tropical flavor with our White Chicken Adobo, perfectly complemented by juicy pineapple for a delightful twist on a classic favorite.",
112,Vegetable Afritada,NEEDS_VISUAL_AND_CATALOGUE_REVIEW,WIKIMEDIA_COMMONS,File:Vegetable Afritada.jpg,https://commons.wikimedia.org/wiki/File:Vegetable_Afritada.jpg,https://upload.wikimedia.org/wikipedia/commons/8/8c/Vegetable_Afritada.jpg?utm_source=commons.wikimedia.org&utm_campaign=imageinfo&utm_content=original,https://thumb.wikimedia.org/wikipedia/commons/thumb/8/8c/Vegetable_Afritada.jpg/960px-Vegetable_Afritada.jpg?utm_source=commons.wikimedia.org&utm_campaign=imageinfo&utm_content=thumbnail,Sheena Aloner,Own work,CC BY-SA 4.0,https://creativecommons.org/licenses/by-sa/4.0,true,3024,4032,Vegetable Afritada,
113,Vegetable kare-kare,NEEDS_VISUAL_AND_CATALOGUE_REVIEW,WIKIMEDIA_COMMONS,File:Vegetable kare-kare.jpg,https://commons.wikimedia.org/wiki/File:Vegetable_kare-kare.jpg,https://upload.wikimedia.org/wikipedia/commons/4/4b/Vegetable_kare-kare.jpg?utm_source=commons.wikimedia.org&utm_campaign=imageinfo&utm_content=original,https://thumb.wikimedia.org/wikipedia/commons/thumb/4/4b/Vegetable_kare-kare.jpg/960px-Vegetable_kare-kare.jpg?utm_source=commons.wikimedia.org&utm_campaign=imageinfo&utm_content=thumbnail,Chammy17,Own work,CC BY-SA 4.0,https://creativecommons.org/licenses/by-sa/4.0,true,2608,3084,Vegetable kare-kare,
114,Vegetable Lumpia with peanut sauce,NEEDS_VISUAL_AND_CATALOGUE_REVIEW,WIKIMEDIA_COMMONS,File:Vegetable Lumpia with peanut sauce.jpg,https://commons.wikimedia.org/wiki/File:Vegetable_Lumpia_with_peanut_sauce.jpg,https://upload.wikimedia.org/wikipedia/commons/1/14/Vegetable_Lumpia_with_peanut_sauce.jpg?utm_source=commons.wikimedia.org&utm_campaign=imageinfo&utm_content=original,https://thumb.wikimedia.org/wikipedia/commons/thumb/1/14/Vegetable_Lumpia_with_peanut_sauce.jpg/960px-Vegetable_Lumpia_with_peanut_sauce.jpg?utm_source=commons.wikimedia.org&utm_campaign=imageinfo&utm_content=thumbnail,Sheena Aloner,Own work,CC BY-SA 4.0,https://creativecommons.org/licenses/by-sa/4.0,true,3024,4032,Vegetable Lumpia with peanut sauce,
115,Vegetable Noodles,NEEDS_VISUAL_AND_CATALOGUE_REVIEW,WIKIMEDIA_COMMONS,File:Vegetable Noodles.jpg,https://commons.wikimedia.org/wiki/File:Vegetable_Noodles.jpg,https://upload.wikimedia.org/wikipedia/commons/d/d5/Vegetable_Noodles.jpg?utm_source=commons.wikimedia.org&utm_campaign=imageinfo&utm_content=original,https://thumb.wikimedia.org/wikipedia/commons/thumb/d/d5/Vegetable_Noodles.jpg/960px-Vegetable_Noodles.jpg?utm_source=commons.wikimedia.org&utm_campaign=imageinfo&utm_content=thumbnail,Sheena Aloner,Own work,CC BY-SA 4.0,https://creativecommons.org/licenses/by-sa/4.0,true,3024,4032,Vegetable Noodles,
116,Vegetables recipes needed for sinigang na baboy,NEEDS_VISUAL_AND_CATALOGUE_REVIEW,WIKIMEDIA_COMMONS,File:Vegetables recipes needed for sinigang na baboy.jpg,https://commons.wikimedia.org/wiki/File:Vegetables_recipes_needed_for_sinigang_na_baboy.jpg,https://upload.wikimedia.org/wikipedia/commons/6/68/Vegetables_recipes_needed_for_sinigang_na_baboy.jpg?utm_source=commons.wikimedia.org&utm_campaign=imageinfo&utm_content=original,https://thumb.wikimedia.org/wikipedia/commons/thumb/6/68/Vegetables_recipes_needed_for_sinigang_na_baboy.jpg/960px-Vegetables_recipes_needed_for_sinigang_na_baboy.jpg?utm_source=commons.wikimedia.org&utm_campaign=imageinfo&utm_content=thumbnail,Chammy17,Own work,CC BY-SA 4.0,https://creativecommons.org/licenses/by-sa/4.0,true,2608,3661,Vegetables recipes needed for sinigang na baboy,
117,Vibrant Veggie Medley,NEEDS_VISUAL_AND_CATALOGUE_REVIEW,WIKIMEDIA_COMMONS,File:Vibrant Veggie Medley.jpg,https://commons.wikimedia.org/wiki/File:Vibrant_Veggie_Medley.jpg,https://upload.wikimedia.org/wikipedia/commons/8/8f/Vibrant_Veggie_Medley.jpg?utm_source=commons.wikimedia.org&utm_campaign=imageinfo&utm_content=original,https://thumb.wikimedia.org/wikipedia/commons/thumb/8/8f/Vibrant_Veggie_Medley.jpg/960px-Vibrant_Veggie_Medley.jpg?utm_source=commons.wikimedia.org&utm_campaign=imageinfo&utm_content=thumbnail,Mhackvidanes,Own work,CC BY-SA 4.0,https://creativecommons.org/licenses/by-sa/4.0,true,1080,810,"A refreshing and colorful vegetable medley featuring cucumber, carrot, kinchay, onion, and bell pepper, bursting with flavor and crunch.",
